File,Timestamp,Name,Ownership,Actions,Objects,Dependencies
20260511000000_initial_schema.sql,20260511000000,"initial_schema",Legacy/Unknown,"CREATE TABLE, CREATE INDEX, CREATE EXTENSION, UPDATE","tenants, users, customers, bookings, session_logs, session_reviews, ktv_schedule, shifts, revenue, expenses, salary_records, attendance, kpi_records, chat_threads, chat_messages, membership_records","tenants, users, customers, bookings, session_logs, shifts, chat_threads"
20260511500000_create_inventory_items.sql,20260511500000,"create_inventory_items",Logistics OS,"CREATE TABLE, CREATE INDEX, UPDATE","migration, inventory_items","in, tenants"
20260512000000_fix_permissions.sql,20260512000000,"fix_permissions",Platform/Core,"ALTER TABLE, GRANT","customers, bookings, tenants, users, session_logs, revenue, session_reviews, expenses, salary_records, kpi_records, inventory_items, membership_records",""
20260514000000_add_gender_baby.sql,20260514000000,"add_gender_baby",Legacy/Unknown,"ALTER TABLE","customers",""
20260514000001_audit_logs.sql,20260514000001,"audit_logs",Legacy/Unknown,"CREATE TABLE, CREATE INDEX, ALTER TABLE, ENABLE ROW LEVEL SECURITY, CREATE POLICY","audit_logs","users, tenants"
20260515000000_standardization_phase_1.sql,20260515000000,"standardization_phase_1",Legacy/Unknown,"CREATE TABLE, ALTER TABLE, ENABLE ROW LEVEL SECURITY, CREATE POLICY","chat_messages, customers, bookings, expenses, users, salary_records, session_logs, revenue","customers, auth"
20260515000001_dashboard_optimization.sql,20260515000001,"dashboard_optimization",Legacy/Unknown,"","",""
20260515010000_the_great_purge.sql,20260515010000,"the_great_purge",Legacy/Unknown,"ALTER TABLE, DROP TABLE, UPDATE, DELETE FROM","IF, bookings, customers, expenses, session_logs, cancellations, internal_commissions, commission_records, payment_schedules, sale_contracts, distribution_contracts, units, projects, f2_agencies, developers, commission_split_policies, kpi_snapshots, employees",""
20260515020000_finance_automation_pnl.sql,20260515020000,"finance_automation_pnl",Legacy/Unknown,"ALTER TABLE, DROP FUNCTION, UPDATE","salary_records, revenue, expenses",""
20260515030000_ktv_mobile_experience.sql,20260515030000,"ktv_mobile_experience",Legacy/Unknown,"ALTER TABLE","session_logs",""
20260515040000_create_packages_table.sql,20260515040000,"create_packages_table",Spa/BabyCare,"ALTER TABLE, UPDATE, GRANT","packages, bookings",""
20260515050000_fix_bookings_missing_columns.sql,20260515050000,"fix_bookings_missing_columns",Spa/BabyCare,"ALTER TABLE, GRANT","bookings, session_logs, revenue",""
20260515085805_remote_applied_placeholder.sql,20260515085805,"remote_applied_placeholder",Legacy/Unknown,"","",""
20260515094253_remote_applied_placeholder.sql,20260515094253,"remote_applied_placeholder",Legacy/Unknown,"","",""
20260515104753_remote_applied_placeholder.sql,20260515104753,"remote_applied_placeholder",Legacy/Unknown,"","",""
20260515105601_remote_applied_placeholder.sql,20260515105601,"remote_applied_placeholder",Legacy/Unknown,"","",""
20260515112253_remote_applied_placeholder.sql,20260515112253,"remote_applied_placeholder",Legacy/Unknown,"","",""
20260515122158_remote_applied_placeholder.sql,20260515122158,"remote_applied_placeholder",Legacy/Unknown,"","",""
20260515133425_remote_applied_placeholder.sql,20260515133425,"remote_applied_placeholder",Legacy/Unknown,"","",""
20260515145847_remote_applied_placeholder.sql,20260515145847,"remote_applied_placeholder",Legacy/Unknown,"","",""
20260515153220_remote_applied_placeholder.sql,20260515153220,"remote_applied_placeholder",Legacy/Unknown,"","",""
20260515215105_remote_applied_placeholder.sql,20260515215105,"remote_applied_placeholder",Legacy/Unknown,"","",""
20260515215229_remote_applied_placeholder.sql,20260515215229,"remote_applied_placeholder",Legacy/Unknown,"","",""
20260515215240_remote_applied_placeholder.sql,20260515215240,"remote_applied_placeholder",Legacy/Unknown,"","",""
20260515221754_remote_applied_placeholder.sql,20260515221754,"remote_applied_placeholder",Legacy/Unknown,"","",""
20260515224956_fix_chat_rpc.sql,20260515224956,"fix_chat_rpc",Legacy/Unknown,"","",""
20260516000000_financial_reconciliation.sql,20260516000000,"financial_reconciliation",Legacy/Unknown,"","",""
20260516000001_audit_logs.sql,20260516000001,"audit_logs",Legacy/Unknown,"CREATE TABLE, ALTER TABLE, INSERT INTO, UPDATE, GRANT, ENABLE ROW LEVEL SECURITY, CREATE POLICY","audit_logs","tenants, auth"
20260516000002_fix_chat_schema.sql,20260516000002,"fix_chat_schema",Legacy/Unknown,"CREATE TABLE, DROP TABLE","chat_messages, chat_threads, chat_participants","customers, users, tenants"
20260516000003_fix_chat_rpc_ambiguous.sql,20260516000003,"fix_chat_rpc_ambiguous",Legacy/Unknown,"","",""
20260516000004_add_discount_percent.sql,20260516000004,"add_discount_percent",Legacy/Unknown,"ALTER TABLE, UPDATE","bookings",""
20260516000005_financial_reconciliation_discount_fix.sql,20260516000005,"financial_reconciliation_discount_fix",Legacy/Unknown,"","",""
20260516023449_remote_applied_placeholder.sql,20260516023449,"remote_applied_placeholder",Legacy/Unknown,"","",""
20260516053316_remote_applied_placeholder.sql,20260516053316,"remote_applied_placeholder",Legacy/Unknown,"","",""
20260516091138_remote_applied_placeholder.sql,20260516091138,"remote_applied_placeholder",Legacy/Unknown,"","",""
20260516222808_remote_applied_placeholder.sql,20260516222808,"remote_applied_placeholder",Legacy/Unknown,"","",""
20260516223228_remote_applied_placeholder.sql,20260516223228,"remote_applied_placeholder",Legacy/Unknown,"","",""
20260517153829_remote_applied_placeholder.sql,20260517153829,"remote_applied_placeholder",Legacy/Unknown,"","",""
20260517154319_remote_applied_placeholder.sql,20260517154319,"remote_applied_placeholder",Legacy/Unknown,"","",""
20260518000000_disable_attendance_rls.sql,20260518000000,"disable_attendance_rls",Legacy/Unknown,"ALTER TABLE, CREATE POLICY","",""
20260518000001_fix_ktv_leaderboard_approved_reviews.sql,20260518000001,"fix_ktv_leaderboard_approved_reviews",Legacy/Unknown,"","",""
20260518000002_optimize_booking_triggers.sql,20260518000002,"optimize_booking_triggers",Spa/BabyCare,"UPDATE","",""
20260518103423_remote_applied_placeholder.sql,20260518103423,"remote_applied_placeholder",Legacy/Unknown,"","",""
20260518103433_remote_applied_placeholder.sql,20260518103433,"remote_applied_placeholder",Legacy/Unknown,"","",""
20260518125048_remote_applied_placeholder.sql,20260518125048,"remote_applied_placeholder",Legacy/Unknown,"","",""
20260518125215_remote_applied_placeholder.sql,20260518125215,"remote_applied_placeholder",Legacy/Unknown,"","",""
20260518222208_remote_applied_placeholder.sql,20260518222208,"remote_applied_placeholder",Legacy/Unknown,"","",""
20260519000000_ktv_duration_kpi_system.sql,20260519000000,"ktv_duration_kpi_system",Legacy/Unknown,"ALTER TABLE","session_logs",""
20260519010000_staff_leaves.sql,20260519010000,"staff_leaves",Legacy/Unknown,"CREATE TABLE, ALTER TABLE, UPDATE, ENABLE ROW LEVEL SECURITY, CREATE POLICY","staff_leaves","users, tenants"
20260519020000_add_rejection_reason_to_staff_leaves.sql,20260519020000,"add_rejection_reason_to_staff_leaves",Legacy/Unknown,"ALTER TABLE","staff_leaves",""
20260519163655_remote_applied_placeholder.sql,20260519163655,"remote_applied_placeholder",Legacy/Unknown,"","",""
20260519171631_remote_applied_placeholder.sql,20260519171631,"remote_applied_placeholder",Legacy/Unknown,"","",""
20260519172033_remote_applied_placeholder.sql,20260519172033,"remote_applied_placeholder",Legacy/Unknown,"","",""
20260519172611_remote_applied_placeholder.sql,20260519172611,"remote_applied_placeholder",Legacy/Unknown,"","",""
20260519220807_remote_applied_placeholder.sql,20260519220807,"remote_applied_placeholder",Legacy/Unknown,"","",""
20260519234426_remote_applied_placeholder.sql,20260519234426,"remote_applied_placeholder",Legacy/Unknown,"","",""
20260520000000_add_zalo_config_to_tenants.sql,20260520000000,"add_zalo_config_to_tenants",Platform/Core,"ALTER TABLE","tenants",""
20260520000001_add_bank_details_to_tenants.sql,20260520000001,"add_bank_details_to_tenants",Platform/Core,"ALTER TABLE, UPDATE","tenants, revenue",""
20260520000002_fix_staff_leaves_permissions.sql,20260520000002,"fix_staff_leaves_permissions",Platform/Core,"GRANT","",""
20260520000003_audit_all_tables.sql,20260520000003,"audit_all_tables",Legacy/Unknown,"INSERT INTO, UPDATE","",""
20260520000004_add_role_permissions.sql,20260520000004,"add_role_permissions",Platform/Core,"ALTER TABLE","tenants",""
20260520000005_drop_password_hash.sql,20260520000005,"drop_password_hash",Legacy/Unknown,"ALTER TABLE","users",""
20260520000006_enable_core_rls.sql,20260520000006,"enable_core_rls",Legacy/Unknown,"ALTER TABLE, UPDATE, ENABLE ROW LEVEL SECURITY, CREATE POLICY","bookings, session_logs, revenue, expenses",""
20260520000007_add_salary_config_to_tenants.sql,20260520000007,"add_salary_config_to_tenants",Platform/Core,"ALTER TABLE","tenants",""
20260520000008_fix_audit_trigger_exception.sql,20260520000008,"fix_audit_trigger_exception",Legacy/Unknown,"INSERT INTO, UPDATE, CREATE POLICY","",""
20260520000009_add_tenants_update_policy.sql,20260520000009,"add_tenants_update_policy",Platform/Core,"UPDATE, CREATE POLICY","",""
20260520222115_remote_applied_placeholder.sql,20260520222115,"remote_applied_placeholder",Legacy/Unknown,"","",""
20260520222216_remote_applied_placeholder.sql,20260520222216,"remote_applied_placeholder",Legacy/Unknown,"","",""
20260520222226_remote_applied_placeholder.sql,20260520222226,"remote_applied_placeholder",Legacy/Unknown,"","",""
20260521000001_add_gps_to_session_logs.sql,20260521000001,"add_gps_to_session_logs",Spa/BabyCare,"ALTER TABLE","session_logs",""
20260521000002_lock_month_guards.sql,20260521000002,"lock_month_guards",Legacy/Unknown,"UPDATE","",""
20260521000003_create_app_notifications.sql,20260521000003,"create_app_notifications",Legacy/Unknown,"CREATE TABLE, CREATE INDEX, ALTER TABLE, UPDATE, ENABLE ROW LEVEL SECURITY, CREATE POLICY","app_notifications","tenants"
20260521000004_harden_rls_and_tenant.sql,20260521000004,"harden_rls_and_tenant",Platform/Core,"ALTER TABLE, ENABLE ROW LEVEL SECURITY, CREATE POLICY","customers, users, salary_records",""
20260521000005_tenant_onboarding.sql,20260521000005,"tenant_onboarding",Platform/Core,"INSERT INTO","",""
20260521000006_subscription_engine.sql,20260521000006,"subscription_engine",Legacy/Unknown,"CREATE TABLE, ALTER TABLE, UPDATE, ENABLE ROW LEVEL SECURITY, CREATE POLICY","subscription_invoices, tenants","tenants"
20260521000007_fix_rls_security.sql,20260521000007,"fix_rls_security",Legacy/Unknown,"ALTER TABLE, UPDATE, ENABLE ROW LEVEL SECURITY, CREATE POLICY","",""
20260521113444_remote_applied_placeholder.sql,20260521113444,"remote_applied_placeholder",Legacy/Unknown,"","",""
20260521164521_remote_applied_placeholder.sql,20260521164521,"remote_applied_placeholder",Legacy/Unknown,"","",""
20260522000000_enable_attendance_rls.sql,20260522000000,"enable_attendance_rls",Legacy/Unknown,"ALTER TABLE, UPDATE, ENABLE ROW LEVEL SECURITY, CREATE POLICY","attendance",""
20260522010000_franchise_royalty_system.sql,20260522010000,"franchise_royalty_system",Legacy/Unknown,"CREATE TABLE, ALTER TABLE, ENABLE ROW LEVEL SECURITY, CREATE POLICY","franchise_royalty_invoices, tenants","tenants"
20260522020000_inter_branch_clearing.sql,20260522020000,"inter_branch_clearing",Legacy/Unknown,"CREATE TABLE, ALTER TABLE, ENABLE ROW LEVEL SECURITY, CREATE POLICY","inter_branch_clearing_records, tenants","tenants"
20260522021659_remote_applied_placeholder.sql,20260522021659,"remote_applied_placeholder",Legacy/Unknown,"","",""
20260522030000_inventory_transfer_orders.sql,20260522030000,"inventory_transfer_orders",Logistics OS,"CREATE TABLE, ALTER TABLE, UPDATE, ENABLE ROW LEVEL SECURITY, CREATE POLICY","inventory_transfer_orders","tenants"
20260522040000_brand_service_master.sql,20260522040000,"brand_service_master",Legacy/Unknown,"CREATE INDEX, ALTER TABLE","packages","packages"
20260523000000_fix_create_onboarding_user.sql,20260523000000,"fix_create_onboarding_user",Platform/Core,"INSERT INTO","",""
20260523010000_harden_all_database_rls.sql,20260523010000,"harden_all_database_rls",Legacy/Unknown,"UPDATE, CREATE POLICY","",""
20260523020000_add_receipt_url_to_revenue.sql,20260523020000,"add_receipt_url_to_revenue",Legacy/Unknown,"ALTER TABLE","revenue",""
20260523020001_get_user_by_email_rpc.sql,20260523020001,"get_user_by_email_rpc",Platform/Core,"","",""
20260523030000_grant_service_role_schema_access.sql,20260523030000,"grant_service_role_schema_access",Legacy/Unknown,"GRANT","",""
20260523040000_fix_hq_super_admin_rls.sql,20260523040000,"fix_hq_super_admin_rls",Legacy/Unknown,"","",""
20260524000000_accounting_core.sql,20260524000000,"accounting_core",Legacy/Unknown,"CREATE TABLE, CREATE FUNCTION, ALTER TABLE, UPDATE, ENABLE ROW LEVEL SECURITY, CREATE POLICY","accounting_accounts, accounting_periods, journal_entries, journal_lines","tenants, accounting_accounts, accounting_periods, auth, journal_entries"
20260525000000_security_hardening.sql,20260525000000,"security_hardening",Legacy/Unknown,"CREATE POLICY","",""
20260525060457_remote_applied_placeholder.sql,20260525060457,"remote_applied_placeholder",Legacy/Unknown,"","",""
20260525100000_accounting_rls_harden.sql,20260525100000,"accounting_rls_harden",Legacy/Unknown,"CREATE INDEX, UPDATE, CREATE POLICY","",""
20260525110000_seed_default_coa.sql,20260525110000,"seed_default_coa",Legacy/Unknown,"INSERT INTO, UPDATE","",""
20260525120000_accounting_periods_auto.sql,20260525120000,"accounting_periods_auto",Legacy/Unknown,"INSERT INTO, UPDATE","",""
20260525130000_accounting_outbox.sql,20260525130000,"accounting_outbox",Legacy/Unknown,"CREATE TABLE, CREATE INDEX, ALTER TABLE, INSERT INTO, UPDATE, ENABLE ROW LEVEL SECURITY, CREATE POLICY","accounting_outbox","tenants, journal_entries"
20260525140000_onboard_with_coa.sql,20260525140000,"onboard_with_coa",Legacy/Unknown,"INSERT INTO","",""
20260525150000_accounting_reports.sql,20260525150000,"accounting_reports",Legacy/Unknown,"","",""
20260525160000_accounting_grants.sql,20260525160000,"accounting_grants",Legacy/Unknown,"GRANT","",""
20260525170000_period_closing_workflow.sql,20260525170000,"period_closing_workflow",Legacy/Unknown,"CREATE INDEX, INSERT INTO, UPDATE, DELETE FROM","",""
20260525180000_cash_flow_statement.sql,20260525180000,"cash_flow_statement",Legacy/Unknown,"","",""
20260525190000_consolidated_pnl_hq.sql,20260525190000,"consolidated_pnl_hq",Legacy/Unknown,"","",""
20260525200000_fix_consolidated_pnl_ambiguous.sql,20260525200000,"fix_consolidated_pnl_ambiguous",Legacy/Unknown,"","",""
20260525210000_reconciliation_report.sql,20260525210000,"reconciliation_report",Legacy/Unknown,"","",""
20260525220000_fix_function_grants.sql,20260525220000,"fix_function_grants",Legacy/Unknown,"GRANT, REVOKE","",""
20260525230000_fix_reconciliation_date_types.sql,20260525230000,"fix_reconciliation_date_types",Legacy/Unknown,"GRANT","",""
20260526000000_ai_agent_infrastructure.sql,20260526000000,"ai_agent_infrastructure",Legacy/Unknown,"CREATE TABLE, ALTER TABLE, GRANT, ENABLE ROW LEVEL SECURITY, CREATE POLICY","ai_agent_configs, ai_agent_logs","tenants, auth"
20260526010000_ai_agent_salary_tools.sql,20260526010000,"ai_agent_salary_tools",Legacy/Unknown,"GRANT","",""
20260526020000_allow_service_role_ai_rpc.sql,20260526020000,"allow_service_role_ai_rpc",Legacy/Unknown,"GRANT","",""
20260526030000_ai_security_hardening.sql,20260526030000,"ai_security_hardening",Legacy/Unknown,"ALTER TABLE, UPDATE, GRANT","tenants",""
20260526040000_fix_attendance_logic.sql,20260526040000,"fix_attendance_logic",Legacy/Unknown,"GRANT","",""
20260526040001_salary_reconciliation.sql,20260526040001,"salary_reconciliation",Legacy/Unknown,"GRANT","",""
20260526040002_salary_reconciliation_report.sql,20260526040002,"salary_reconciliation_report",Legacy/Unknown,"GRANT","",""
20260526050000_dual_mode_accounting.sql,20260526050000,"dual_mode_accounting",Legacy/Unknown,"ALTER TABLE, UPDATE","tenants",""
20260526060000_add_hr_role.sql,20260526060000,"add_hr_role",Legacy/Unknown,"ALTER TABLE, INSERT INTO, UPDATE, GRANT, CREATE POLICY","users",""
20260527000000_ktv_leaderboard_blended_rating.sql,20260527000000,"ktv_leaderboard_blended_rating",Legacy/Unknown,"GRANT","",""
20260528000000_grant_chat_messages_permissions.sql,20260528000000,"grant_chat_messages_permissions",Platform/Core,"GRANT","",""
20260528010000_distributed_rate_limit.sql,20260528010000,"distributed_rate_limit",Legacy/Unknown,"CREATE TABLE, ALTER TABLE, INSERT INTO, UPDATE, GRANT, ENABLE ROW LEVEL SECURITY","rate_limit_buckets",""
20260529000000_fix_membership_records_cascade_delete.sql,20260529000000,"fix_membership_records_cascade_delete",Legacy/Unknown,"ALTER TABLE","membership_records","customers"
20260529010000_create_promotions_table.sql,20260529010000,"create_promotions_table",Legacy/Unknown,"CREATE TABLE, ALTER TABLE, GRANT, ENABLE ROW LEVEL SECURITY, CREATE POLICY","promotions","tenants"
20260529232452_remote_applied_placeholder.sql,20260529232452,"remote_applied_placeholder",Legacy/Unknown,"","",""
20260529233748_remote_applied_placeholder.sql,20260529233748,"remote_applied_placeholder",Legacy/Unknown,"","",""
20260530000000_update_gps_threshold_and_customer_gps.sql,20260530000000,"update_gps_threshold_and_customer_gps",Spa/BabyCare,"ALTER TABLE, UPDATE, GRANT","customers, tenants",""
20260530010000_add_checkout_gps_to_session_logs.sql,20260530010000,"add_checkout_gps_to_session_logs",Spa/BabyCare,"ALTER TABLE","session_logs",""
20260530020000_fix_salary_reconciliation_logic.sql,20260530020000,"fix_salary_reconciliation_logic",Legacy/Unknown,"GRANT","",""
20260530025918_remote_applied_placeholder.sql,20260530025918,"remote_applied_placeholder",Legacy/Unknown,"","",""
20260530025943_remote_applied_placeholder.sql,20260530025943,"remote_applied_placeholder",Legacy/Unknown,"","",""
20260530030000_add_session_multiplier_to_packages.sql,20260530030000,"add_session_multiplier_to_packages",Spa/BabyCare,"ALTER TABLE, DROP FUNCTION, UPDATE, GRANT","packages",""
20260530040000_revoke_anon_accounting_rpc.sql,20260530040000,"revoke_anon_accounting_rpc",Legacy/Unknown,"GRANT, REVOKE","",""
20260530050000_accounting_templates_and_readiness.sql,20260530050000,"accounting_templates_and_readiness",Legacy/Unknown,"CREATE TABLE, CREATE INDEX, ALTER TABLE, INSERT INTO, UPDATE, GRANT, REVOKE, ENABLE ROW LEVEL SECURITY, CREATE POLICY","accounting_event_templates, accounting_review_queue, revenue, expenses, salary_records, session_logs, inventory_logs","tenants, auth, accounting_event_templates"
20260530060000_add_expense_salary_accounting_template.sql,20260530060000,"add_expense_salary_accounting_template",Legacy/Unknown,"INSERT INTO","",""
20260530070000_resolve_accounting_review_item.sql,20260530070000,"resolve_accounting_review_item",Legacy/Unknown,"UPDATE, GRANT, REVOKE","",""
20260530080000_backfill_accounting_metadata.sql,20260530080000,"backfill_accounting_metadata",Legacy/Unknown,"INSERT INTO, UPDATE, GRANT, REVOKE","",""
20260531010000_atomic_legacy_ledger_sync.sql,20260531010000,"atomic_legacy_ledger_sync",Legacy/Unknown,"INSERT INTO, UPDATE, GRANT, REVOKE","",""
20260531020000_add_legacy_ledger_sync_preview.sql,20260531020000,"add_legacy_ledger_sync_preview",Legacy/Unknown,"GRANT, REVOKE","",""
20260531030000_record_remaining_payment_atomic.sql,20260531030000,"record_remaining_payment_atomic",Legacy/Unknown,"INSERT INTO, UPDATE, GRANT","",""
20260601010000_harden_subscription_rpc.sql,20260601010000,"harden_subscription_rpc",Legacy/Unknown,"UPDATE, GRANT, REVOKE","",""
20260601011000_create_subscription_quota_schema.sql,20260601011000,"create_subscription_quota_schema",Legacy/Unknown,"CREATE TABLE, CREATE INDEX, ALTER TABLE, INSERT INTO, UPDATE, GRANT, REVOKE, ENABLE ROW LEVEL SECURITY, CREATE POLICY","subscription_plans, subscription_plan_entitlements, tenant_subscription_overrides, tenant_usage_counters","subscription_plans, tenants, users"
20260602010000_use_usage_counters_for_sms.sql,20260602010000,"use_usage_counters_for_sms",Legacy/Unknown,"INSERT INTO, UPDATE, GRANT, REVOKE","",""
20260603010000_tt133_service_revenue_5113.sql,20260603010000,"tt133_service_revenue_5113",Legacy/Unknown,"INSERT INTO, UPDATE","",""
20260603020000_tt133_refund_mapping.sql,20260603020000,"tt133_refund_mapping",Legacy/Unknown,"UPDATE","",""
20260603030000_allow_revenue_refund_type.sql,20260603030000,"allow_revenue_refund_type",Legacy/Unknown,"ALTER TABLE","revenue",""
20260603040000_branch_legacy_revenue_sync_by_type.sql,20260603040000,"branch_legacy_revenue_sync_by_type",Legacy/Unknown,"INSERT INTO, UPDATE, GRANT, REVOKE","",""
20260603050000_unique_active_journal_reference.sql,20260603050000,"unique_active_journal_reference",Legacy/Unknown,"","","exist"
20260603060000_unique_payment_webhook_transaction.sql,20260603060000,"unique_payment_webhook_transaction",Legacy/Unknown,"","",""
20260603070000_tt133_legacy_expense_paid_status.sql,20260603070000,"tt133_legacy_expense_paid_status",Legacy/Unknown,"GRANT, REVOKE","",""
20260604090000_allow_service_role_accounting_readiness.sql,20260604090000,"allow_service_role_accounting_readiness",Legacy/Unknown,"GRANT, REVOKE","",""
20260604091000_allow_service_role_salary_reconciliation_report.sql,20260604091000,"allow_service_role_salary_reconciliation_report",Legacy/Unknown,"GRANT","",""
20260604143000_widen_reconciliation_diff_percent.sql,20260604143000,"widen_reconciliation_diff_percent",Legacy/Unknown,"DROP FUNCTION, GRANT, REVOKE","",""
20260604160000_scope_professional_readiness_to_legacy_sync.sql,20260604160000,"scope_professional_readiness_to_legacy_sync",Legacy/Unknown,"GRANT, REVOKE","",""
20260604173000_scope_reconciliation_to_legacy_journals.sql,20260604173000,"scope_reconciliation_to_legacy_journals",Legacy/Unknown,"GRANT, REVOKE","",""
20260606093000_fix_salary_realtime_components.sql,20260606093000,"fix_salary_realtime_components",Legacy/Unknown,"GRANT","",""
20260606100000_inter_branch_clearing_outbox.sql,20260606100000,"inter_branch_clearing_outbox",Legacy/Unknown,"ALTER TABLE, INSERT INTO, UPDATE","accounting_outbox",""
20260606103000_eliminate_internal_clearing_from_consolidated_pnl.sql,20260606103000,"eliminate_internal_clearing_from_consolidated_pnl",Legacy/Unknown,"GRANT, REVOKE","",""
20260606110000_add_consolidated_pnl_elimination_totals.sql,20260606110000,"add_consolidated_pnl_elimination_totals",Legacy/Unknown,"CREATE FUNCTION, DROP FUNCTION, GRANT, REVOKE","",""
20260606113000_grant_inter_branch_clearing_records_access.sql,20260606113000,"grant_inter_branch_clearing_records_access",Legacy/Unknown,"UPDATE, GRANT, REVOKE","",""
20260606124500_grant_critical_rpc_execute.sql,20260606124500,"grant_critical_rpc_execute",Legacy/Unknown,"GRANT","",""
20260606130000_allow_service_role_consolidated_pnl.sql,20260606130000,"allow_service_role_consolidated_pnl",Legacy/Unknown,"GRANT, REVOKE","",""
20260606133000_backfill_paid_deposit_bookings.sql,20260606133000,"backfill_paid_deposit_bookings",Spa/BabyCare,"UPDATE","",""
20260606134000_backfill_completed_session_business_events.sql,20260606134000,"backfill_completed_session_business_events",Spa/BabyCare,"UPDATE","",""
20260607003000_grant_subscription_and_royalty_access.sql,20260607003000,"grant_subscription_and_royalty_access",Legacy/Unknown,"UPDATE, GRANT, REVOKE","",""
20260607010000_normalize_salary_reconciliation_pending_legacy.sql,20260607010000,"normalize_salary_reconciliation_pending_legacy",Legacy/Unknown,"GRANT","",""
20260607020000_unique_salary_expense_description.sql,20260607020000,"unique_salary_expense_description",Legacy/Unknown,"","",""
20260607023000_harden_accounting_outbox_idempotency.sql,20260607023000,"harden_accounting_outbox_idempotency",Legacy/Unknown,"ALTER TABLE, INSERT INTO, UPDATE, GRANT, REVOKE","accounting_outbox",""
20260607030000_create_accounting_worker_runs.sql,20260607030000,"create_accounting_worker_runs",Legacy/Unknown,"CREATE TABLE, CREATE INDEX, ALTER TABLE, GRANT, ENABLE ROW LEVEL SECURITY, CREATE POLICY","accounting_worker_runs",""
20260607231500_manual_payment_idempotency.sql,20260607231500,"manual_payment_idempotency",Legacy/Unknown,"INSERT INTO, UPDATE, GRANT","",""
20260608090000_create_meta_ads_phase1.sql,20260608090000,"create_meta_ads_phase1",Legacy/Unknown,"CREATE TABLE, CREATE INDEX, ALTER TABLE, UPDATE, GRANT, ENABLE ROW LEVEL SECURITY, CREATE POLICY","marketing_meta_ad_accounts, marketing_meta_ads_insights_daily, marketing_meta_ads_sync_runs","tenants"
20260608100000_add_meta_ads_account_tokens.sql,20260608100000,"add_meta_ads_account_tokens",Legacy/Unknown,"CREATE TABLE, CREATE INDEX, ALTER TABLE, UPDATE, GRANT, ENABLE ROW LEVEL SECURITY, CREATE POLICY","marketing_meta_ad_account_tokens, marketing_meta_ad_accounts","tenants, marketing_meta_ad_accounts"
20260608103000_grant_meta_ads_delete_permissions.sql,20260608103000,"grant_meta_ads_delete_permissions",Platform/Core,"GRANT","",""
20260608104000_add_tenant_module_white_label_config.sql,20260608104000,"add_tenant_module_white_label_config",Platform/Core,"ALTER TABLE, UPDATE","tenants",""
20260608110000_create_beauty_spa_phase2_foundation.sql,20260608110000,"create_beauty_spa_phase2_foundation",Beauty OS,"CREATE TABLE, CREATE INDEX, ALTER TABLE, UPDATE, GRANT, REVOKE, ENABLE ROW LEVEL SECURITY, CREATE POLICY","booking_resources, packages","tenants"
20260609170000_grant_inventory_transfer_orders_access.sql,20260609170000,"grant_inventory_transfer_orders_access",Logistics OS,"UPDATE, GRANT","",""
20260609183000_reassert_inventory_transfer_order_grants.sql,20260609183000,"reassert_inventory_transfer_order_grants",Logistics OS,"UPDATE, GRANT, REVOKE","",""
20260611120000_backfill_completed_session_accounting_metadata.sql,20260611120000,"backfill_completed_session_accounting_metadata",Spa/BabyCare,"UPDATE","",""
20260611130000_add_session_booking_resource.sql,20260611130000,"add_session_booking_resource",Spa/BabyCare,"CREATE INDEX, ALTER TABLE","session_logs","booking_resources"
20260611160000_add_branch_subscription_quota.sql,20260611160000,"add_branch_subscription_quota",Legacy/Unknown,"INSERT INTO, UPDATE","",""
20260613070000_invoice_print_logs.sql,20260613070000,"invoice_print_logs",Legacy/Unknown,"CREATE TABLE, CREATE INDEX, ALTER TABLE, GRANT, ENABLE ROW LEVEL SECURITY, CREATE POLICY","invoice_print_logs","tenants, bookings, session_logs, users"
20260613090000_void_invoice_print_logs.sql,20260613090000,"void_invoice_print_logs",Legacy/Unknown,"CREATE INDEX, ALTER TABLE","invoice_print_logs","users"
20260613100000_create_student_training_foundation.sql,20260613100000,"create_student_training_foundation",Education OS,"CREATE TABLE, CREATE INDEX, ALTER TABLE, UPDATE, GRANT, REVOKE, ENABLE ROW LEVEL SECURITY, CREATE POLICY","courses, course_modules, lessons, students, student_tuition_payments, student_lesson_progress, training_classes, student_class_attendance, users, tenants","tenants, users, courses, course_modules, students, lessons, training_classes"
20260617000000_api_gateway_partner_management.sql,20260617000000,"api_gateway_partner_management",Legacy/Unknown,"CREATE TABLE, CREATE INDEX, CREATE TYPE, CREATE EXTENSION, ALTER TABLE, INSERT INTO, UPDATE, GRANT, ENABLE ROW LEVEL SECURITY, CREATE POLICY","api_partners, api_request_logs, api_rate_limit_counters","tenants, auth, api_partners"
20260617010000_api_gateway_sandbox_environment.sql,20260617010000,"api_gateway_sandbox_environment",Legacy/Unknown,"CREATE TABLE, CREATE INDEX, ALTER TABLE, INSERT INTO, UPDATE, DELETE FROM, GRANT, ENABLE ROW LEVEL SECURITY, CREATE POLICY","sandbox","api_partners, users"
20260621000000_filter_reversal_entries_in_trial_balance.sql,20260621000000,"filter_reversal_entries_in_trial_balance",Legacy/Unknown,"UPDATE","",""
20260622000001_create_booking_resources.sql,20260622000001,"create_booking_resources",Spa/BabyCare,"CREATE TABLE, CREATE INDEX, ALTER TABLE, INSERT INTO, UPDATE, ENABLE ROW LEVEL SECURITY, CREATE POLICY","booking_resources","tenants"
20260622120000_seed_cleaning_packages.sql,20260622120000,"seed_cleaning_packages",Spa/BabyCare,"INSERT INTO","",""
20260622120001_add_package_metadata.sql,20260622120001,"add_package_metadata",Spa/BabyCare,"ALTER TABLE, UPDATE","packages",""
20260622150000_add_tenants_metadata.sql,20260622150000,"add_tenants_metadata",Platform/Core,"CREATE INDEX, ALTER TABLE","tenants",""
20260622163000_create_booking_service_items.sql,20260622163000,"create_booking_service_items",Spa/BabyCare,"CREATE TABLE, CREATE INDEX, ALTER TABLE, GRANT, REVOKE, ENABLE ROW LEVEL SECURITY, CREATE POLICY","booking_service_items","bookings, packages, users, tenants"
20260622164000_create_product_sales.sql,20260622164000,"create_product_sales",Legacy/Unknown,"CREATE TABLE, CREATE INDEX, ALTER TABLE, GRANT, REVOKE, ENABLE ROW LEVEL SECURITY, CREATE POLICY","product_sales","users, customers, bookings, tenants"
20260622165000_create_salary_adjustments.sql,20260622165000,"create_salary_adjustments",Legacy/Unknown,"CREATE TABLE, CREATE INDEX, ALTER TABLE, UPDATE, GRANT, REVOKE, ENABLE ROW LEVEL SECURITY, CREATE POLICY","salary_adjustments","users, tenants"
20260622170000_extend_salary_records_commission.sql,20260622170000,"extend_salary_records_commission",Legacy/Unknown,"ALTER TABLE, UPDATE","salary_records",""
20260622171000_extend_users_position_tier.sql,20260622171000,"extend_users_position_tier",Platform/Core,"CREATE INDEX, ALTER TABLE, UPDATE","users",""
20260622172000_extend_tenants_commission_config.sql,20260622172000,"extend_tenants_commission_config",Platform/Core,"CREATE INDEX, ALTER TABLE, UPDATE","tenants",""
20260622180000_create_mv_ktv_performance_summary.sql,20260622180000,"create_mv_ktv_performance_summary",Legacy/Unknown,"CREATE INDEX, GRANT","",""
20260622181000_create_mv_inventory_status.sql,20260622181000,"create_mv_inventory_status",Logistics OS,"CREATE INDEX, GRANT","",""
20260622182000_create_mv_session_analytics.sql,20260622182000,"create_mv_session_analytics",Spa/BabyCare,"CREATE INDEX, GRANT","",""
20260622183000_create_mv_refresh_jobs.sql,20260622183000,"create_mv_refresh_jobs",Legacy/Unknown,"CREATE EXTENSION, GRANT","",""
20260622200000_add_commission_columns_to_salary_records.sql,20260622200000,"add_commission_columns_to_salary_records",Legacy/Unknown,"CREATE INDEX, ALTER TABLE","salary_records",""
20260622201000_create_marketing_campaigns.sql,20260622201000,"create_marketing_campaigns",Legacy/Unknown,"CREATE TABLE, CREATE INDEX, ALTER TABLE, UPDATE, GRANT, ENABLE ROW LEVEL SECURITY, CREATE POLICY","marketing_campaigns, external_ads_data","tenants, auth, marketing_campaigns"
20260622202000_create_mv_campaign_performance.sql,20260622202000,"create_mv_campaign_performance",Legacy/Unknown,"CREATE INDEX, GRANT","",""
20260622203000_create_mv_channel_performance.sql,20260622203000,"create_mv_channel_performance",Legacy/Unknown,"CREATE INDEX, GRANT","",""
20260622204000_create_mv_marketing_refresh_jobs.sql,20260622204000,"create_mv_marketing_refresh_jobs",Legacy/Unknown,"CREATE EXTENSION, GRANT","",""
20260622240000_create_mv_monthly_pnl.sql,20260622240000,"create_mv_monthly_pnl",Legacy/Unknown,"CREATE INDEX, GRANT","",""
20260622241000_create_mv_cash_flow.sql,20260622241000,"create_mv_cash_flow",Legacy/Unknown,"CREATE INDEX, GRANT","",""
20260622242000_create_mv_budget_variance.sql,20260622242000,"create_mv_budget_variance",Legacy/Unknown,"CREATE INDEX, GRANT","",""
20260622243000_create_mv_finance_refresh_jobs.sql,20260622243000,"create_mv_finance_refresh_jobs",Legacy/Unknown,"CREATE EXTENSION, GRANT","",""
20260622250000_create_mv_workforce_analytics.sql,20260622250000,"create_mv_workforce_analytics",Legacy/Unknown,"CREATE INDEX, GRANT","",""
20260622251000_create_mv_attendance_summary.sql,20260622251000,"create_mv_attendance_summary",Legacy/Unknown,"CREATE INDEX, GRANT","",""
20260622252000_create_mv_payroll_summary.sql,20260622252000,"create_mv_payroll_summary",Legacy/Unknown,"CREATE INDEX, GRANT","",""
20260622253000_create_mv_employee_performance.sql,20260622253000,"create_mv_employee_performance",Legacy/Unknown,"CREATE INDEX, GRANT","",""
20260622254000_create_mv_hr_refresh_jobs.sql,20260622254000,"create_mv_hr_refresh_jobs",Legacy/Unknown,"CREATE EXTENSION, GRANT","",""
20260622260000_create_mv_customer_segments.sql,20260622260000,"create_mv_customer_segments",Spa/BabyCare,"CREATE INDEX, GRANT","",""
20260622261000_create_mv_customer_ltv.sql,20260622261000,"create_mv_customer_ltv",Spa/BabyCare,"CREATE INDEX, GRANT","",""
20260622262000_create_mv_customer_activity_summary.sql,20260622262000,"create_mv_customer_activity_summary",Spa/BabyCare,"CREATE INDEX, GRANT","",""
20260622263000_create_mv_customer_refresh_jobs.sql,20260622263000,"create_mv_customer_refresh_jobs",Spa/BabyCare,"CREATE EXTENSION, GRANT","",""
20260622270000_create_forecast_results.sql,20260622270000,"create_forecast_results",Legacy/Unknown,"CREATE TABLE, CREATE INDEX, ALTER TABLE, UPDATE, ENABLE ROW LEVEL SECURITY, CREATE POLICY","forecast_results","tenants, auth"
20260622271000_create_recommendation_cache.sql,20260622271000,"create_recommendation_cache",Legacy/Unknown,"CREATE TABLE, CREATE INDEX, ALTER TABLE, UPDATE, DELETE FROM, ENABLE ROW LEVEL SECURITY, CREATE POLICY","recommendation_cache","tenants, customers, auth"
20260622272000_create_mv_forecast_accuracy.sql,20260622272000,"create_mv_forecast_accuracy",Legacy/Unknown,"CREATE TABLE, CREATE INDEX, INSERT INTO, UPDATE","mv_forecast_accuracy_refresh_jobs",""
20260622273000_create_mv_customer_item_interactions.sql,20260622273000,"create_mv_customer_item_interactions",Spa/BabyCare,"CREATE TABLE, CREATE INDEX, INSERT INTO, UPDATE","mv_customer_item_interactions_refresh_jobs",""
20260622274000_create_demand_history_rpcs.sql,20260622274000,"create_demand_history_rpcs",Legacy/Unknown,"","",""
20260622275000_create_recommendation_rpcs.sql,20260622275000,"create_recommendation_rpcs",Legacy/Unknown,"","",""
20260622280000_performance_optimization_indexes.sql,20260622280000,"performance_optimization_indexes",Legacy/Unknown,"CREATE INDEX","",""
20260622280001_performance_optimization_mv_refresh.sql,20260622280001,"performance_optimization_mv_refresh",Legacy/Unknown,"INSERT INTO, UPDATE","",""
20260622280002_performance_optimization_mv_customer_interactions.sql,20260622280002,"performance_optimization_mv_customer_interactions",Spa/BabyCare,"INSERT INTO, UPDATE","",""
20260622290000_create_recruitment_system.sql,20260622290000,"create_recruitment_system",Education OS,"CREATE TABLE, CREATE INDEX, ALTER TABLE, UPDATE, GRANT, ENABLE ROW LEVEL SECURITY, CREATE POLICY","recruitment_positions, recruitment_candidates, recruitment_pipelines, recruitment_interviews","tenants, users, recruitment_positions, recruitment_candidates"
20260623000000_fix_salary_reconciliation_product_sales.sql,20260623000000,"fix_salary_reconciliation_product_sales",Legacy/Unknown,"UPDATE","",""
20260630192732_add_position_tier_hire_date_to_users.sql,20260630192732,"add_position_tier_hire_date_to_users",Platform/Core,"CREATE INDEX, ALTER TABLE, INSERT INTO, UPDATE","users",""
20260701000000_decision_engine_audit_log.sql,20260701000000,"decision_engine_audit_log",Legacy/Unknown,"CREATE TABLE, CREATE INDEX, ALTER TABLE, UPDATE, GRANT, ENABLE ROW LEVEL SECURITY, CREATE POLICY","decision_audit_log, policy_versions","tenants, users"
20260701000001_create_policy_registry.sql,20260701000001,"create_policy_registry",Legacy/Unknown,"CREATE TABLE, CREATE INDEX, CREATE POLICY","policy_registry","tenants, profiles"
20260701000002_create_policy_history.sql,20260701000002,"create_policy_history",Legacy/Unknown,"CREATE TABLE, CREATE INDEX, CREATE POLICY","policy_history","profiles, policy_registry"
20260701000003_create_policy_statistics.sql,20260701000003,"create_policy_statistics",Legacy/Unknown,"CREATE TABLE, CREATE INDEX, INSERT INTO, UPDATE, CREATE POLICY","policy_statistics","policy_registry"
20260701000004_create_policy_rls.sql,20260701000004,"create_policy_rls",Legacy/Unknown,"ALTER TABLE, UPDATE, GRANT, ENABLE ROW LEVEL SECURITY, CREATE POLICY","policy_registry, policy_history, policy_statistics",""
20260701000005_simplify_statistics.sql,20260701000005,"simplify_statistics",Legacy/Unknown,"CREATE INDEX, ALTER TABLE, DROP TABLE, DROP FUNCTION, UPDATE","policy_registry, policy_statistics",""
20260701000006_add_statistics_update_function.sql,20260701000006,"add_statistics_update_function",Legacy/Unknown,"UPDATE","",""
20260705000000_temp_leave_requests_for_gate1.sql,20260705000000,"temp_leave_requests_for_gate1",Legacy/Unknown,"CREATE TABLE, CREATE INDEX, ALTER TABLE, ENABLE ROW LEVEL SECURITY, CREATE POLICY","leave_requests","users, tenants"
20260709000000_complete_product_sales_reconciliation_fix.sql,20260709000000,"complete_product_sales_reconciliation_fix",Legacy/Unknown,"DROP FUNCTION, UPDATE, GRANT","",""
20260709120000_workflow_engine_foundation.sql,20260709120000,"workflow_engine_foundation",Legacy/Unknown,"CREATE TABLE, CREATE INDEX, ALTER TABLE, UPDATE, GRANT, ENABLE ROW LEVEL SECURITY, CREATE POLICY","workflow_executions, workflow_step_executions","tenants, workflow_executions"
20260709130000_rule_management_ui_foundation.sql,20260709130000,"rule_management_ui_foundation",Legacy/Unknown,"CREATE TABLE, CREATE INDEX, ALTER TABLE, UPDATE, GRANT, ENABLE ROW LEVEL SECURITY, CREATE POLICY","workflow_definitions, workflow_rules, workflow_versions, rule_simulations","tenants, users, workflow_definitions, workflow_rules"
20260709140000_booking_engine_schema.sql,20260709140000,"booking_engine_schema",Spa/BabyCare,"CREATE TABLE, CREATE INDEX, ALTER TABLE, INSERT INTO, UPDATE, ENABLE ROW LEVEL SECURITY, CREATE POLICY","waitlist, pricing_rules, capacity_snapshots, booking_events","tenants, customers, packages, employees, bookings, auth, branches"
20260709140001_booking_engine_schema_v2.sql,20260709140001,"booking_engine_schema_v2",Spa/BabyCare,"CREATE TABLE, CREATE INDEX, ALTER TABLE, UPDATE, ENABLE ROW LEVEL SECURITY, CREATE POLICY","waitlist, pricing_rules, capacity_snapshots, booking_events","tenants, customers, packages, bookings, auth"
20260709140002_booking_engine_schema_v3_final.sql,20260709140002,"booking_engine_schema_v3_final",Spa/BabyCare,"CREATE TABLE, CREATE INDEX, ALTER TABLE, UPDATE, ENABLE ROW LEVEL SECURITY, CREATE POLICY","waitlist, pricing_rules, capacity_snapshots, booking_events","tenants, customers, packages, users, bookings, auth"
20260709160000_decision_engine_metrics.sql,20260709160000,"decision_engine_metrics",Legacy/Unknown,"CREATE TABLE, CREATE INDEX, ALTER TABLE, GRANT, ENABLE ROW LEVEL SECURITY, CREATE POLICY","decision_engine_metrics","tenants, bookings, customers, users"
20260709170000_discount_provider.sql,20260709170000,"discount_provider",Legacy/Unknown,"CREATE TABLE, CREATE INDEX, ALTER TABLE, UPDATE, GRANT, ENABLE ROW LEVEL SECURITY, CREATE POLICY","discount_rules, discount_campaigns, discount_usage","tenants, users, customers, discount_rules, discount_campaigns, bookings"
20260710070000_fix_close_period_no_updated_at.sql,20260710070000,"fix_close_period_no_updated_at",Legacy/Unknown,"UPDATE","",""
20260710075412_remote_applied_placeholder.sql,20260710075412,"remote_applied_placeholder",Legacy/Unknown,"","",""
20260710075450_remote_applied_placeholder.sql,20260710075450,"remote_applied_placeholder",Legacy/Unknown,"","",""
20260710075832_remote_applied_placeholder.sql,20260710075832,"remote_applied_placeholder",Legacy/Unknown,"","",""
20260710081904_remote_applied_placeholder.sql,20260710081904,"remote_applied_placeholder",Legacy/Unknown,"","",""
20260710082004_remote_applied_placeholder.sql,20260710082004,"remote_applied_placeholder",Legacy/Unknown,"","",""
20260710120000_fix_salary_finalized_status_in_reconciliation_and_sync.sql,20260710120000,"fix_salary_finalized_status_in_reconciliation_and_sync",Legacy/Unknown,"","",""
20260710153900_fix_backfill_skip_locked_expenses.sql,20260710153900,"fix_backfill_skip_locked_expenses",Legacy/Unknown,"INSERT INTO, UPDATE","",""
20260710154000_allow_metadata_updates_on_locked_records.sql,20260710154000,"allow_metadata_updates_on_locked_records",Legacy/Unknown,"UPDATE","",""
20260710160000_rule_management_tables.sql,20260710160000,"rule_management_tables",Legacy/Unknown,"CREATE TABLE, CREATE INDEX, ALTER TABLE, INSERT INTO, UPDATE, GRANT, ENABLE ROW LEVEL SECURITY, CREATE POLICY","rules, rule_versions, rule_approvals, rule_test_results","tenants, rules, users"
20260710170000_fix_rule_management_rpcs.sql,20260710170000,"fix_rule_management_rpcs",Legacy/Unknown,"ALTER TABLE, DROP FUNCTION, UPDATE, GRANT","rule_versions, rules",""
20260711134600_fix_backfill_earned_revenue_and_inventory_cost.sql,20260711134600,"fix_backfill_earned_revenue_and_inventory_cost",Logistics OS,"INSERT INTO, UPDATE","",""
20260712000000_create_waitlist_tables.sql,20260712000000,"create_waitlist_tables",Legacy/Unknown,"CREATE TABLE, CREATE INDEX, ALTER TABLE, DROP TABLE, DROP INDEX, UPDATE, GRANT, ENABLE ROW LEVEL SECURITY, CREATE POLICY","waitlist_entries, waitlist_notification_logs","tenants, customers, bookings, packages, users, booking_resources, waitlist_entries"
20260713000000_performance_optimization_claims.sql,20260713000000,"performance_optimization_claims",Legacy/Unknown,"UPDATE","",""
20260713010000_optimize_financial_aggregation_indexes.sql,20260713010000,"optimize_financial_aggregation_indexes",Legacy/Unknown,"CREATE INDEX","",""
20260713020000_fix_and_reorder_financial_indexes.sql,20260713020000,"fix_and_reorder_financial_indexes",Legacy/Unknown,"CREATE INDEX, DROP INDEX","",""
20260713030000_allow_service_role_in_salary_sheet.sql,20260713030000,"allow_service_role_in_salary_sheet",Legacy/Unknown,"DROP FUNCTION, GRANT","",""
20260713080542_remote_applied_placeholder.sql,20260713080542,"remote_applied_placeholder",Legacy/Unknown,"","",""
20260713083239_remote_applied_placeholder.sql,20260713083239,"remote_applied_placeholder",Legacy/Unknown,"","",""
20260713092641_remote_applied_placeholder.sql,20260713092641,"remote_applied_placeholder",Legacy/Unknown,"","",""
20260714032101_remote_applied_placeholder.sql,20260714032101,"remote_applied_placeholder",Legacy/Unknown,"","",""
20260714032125_remote_applied_placeholder.sql,20260714032125,"remote_applied_placeholder",Legacy/Unknown,"","",""
20260714032901_remote_applied_placeholder.sql,20260714032901,"remote_applied_placeholder",Legacy/Unknown,"","",""
20260715200000_enable_break_time_buffer.sql,20260715200000,"enable_break_time_buffer",Legacy/Unknown,"UPDATE","",""
20260715223000_fix_inventory_purchase_backfill_payment_method.sql,20260715223000,"fix_inventory_purchase_backfill_payment_method",Logistics OS,"INSERT INTO, UPDATE","",""
20260716000000_add_product_usage_to_packages.sql,20260716000000,"add_product_usage_to_packages",Spa/BabyCare,"CREATE INDEX, ALTER TABLE","packages",""
20260716120000_add_beauty_spa_resources.sql,20260716120000,"add_beauty_spa_resources",Beauty OS,"CREATE TABLE, CREATE INDEX, ALTER TABLE, DROP TABLE, INSERT INTO","rooms, beds, equipment, bookings","tenants, rooms, beds"
20260718000000_fix_retail_package_full_price_in_anomalies.sql,20260718000000,"fix_retail_package_full_price_in_anomalies",Spa/BabyCare,"GRANT","",""
20260730120000_fix_validate_api_partner_type_mismatch.sql,20260730120000,"fix_validate_api_partner_type_mismatch",Legacy/Unknown,"GRANT","",""
20260730130000_create_log_api_request_rpc.sql,20260730130000,"create_log_api_request_rpc",Legacy/Unknown,"INSERT INTO, GRANT","",""
20260731010000_create_real_estate_schema.sql,20260731010000,"create_real_estate_schema",Real Estate,"CREATE TABLE, CREATE INDEX, ALTER TABLE, UPDATE, GRANT, REVOKE, ENABLE ROW LEVEL SECURITY, CREATE POLICY","real_estate_projects, real_estate_products","tenants, real_estate_projects"
20260731020000_create_generic_resource_capabilities_schema.sql,20260731020000,"create_generic_resource_capabilities_schema",Legacy/Unknown,"CREATE TABLE, CREATE INDEX, ALTER TABLE, ENABLE ROW LEVEL SECURITY, CREATE POLICY","resource_snapshots, resource_assignments, resource_sla_logs, resource_rotations, resource_audit_logs",""
20260801000000_create_metadata_version_schema.sql,20260801000000,"create_metadata_version_schema",Legacy/Unknown,"CREATE TABLE, CREATE INDEX, ALTER TABLE, ENABLE ROW LEVEL SECURITY, CREATE POLICY","metadata_configs, metadata_config_history",""
20260801010000_real_estate_foundation_tables.sql,20260801010000,"real_estate_foundation_tables",Real Estate,"CREATE TABLE, CREATE INDEX, ALTER TABLE, ENABLE ROW LEVEL SECURITY, CREATE POLICY","re_zones, re_blocks, re_price_lists, re_product_prices, re_promotions, re_price_history, rm_inventory_matrix, real_estate_products","tenants, real_estate_projects, re_zones, re_blocks, re_price_lists, real_estate_products"
20260801020000_reservation_engine.sql,20260801020000,"reservation_engine",Legacy/Unknown,"CREATE TABLE, CREATE INDEX, ALTER TABLE, INSERT INTO, UPDATE, GRANT, REVOKE, ENABLE ROW LEVEL SECURITY, CREATE POLICY","re_reservations","tenants, real_estate_products"
20260801030000_foundation_org_people_schema.sql,20260801030000,"foundation_org_people_schema",Legacy/Unknown,"CREATE TABLE, CREATE INDEX, ALTER TABLE, UPDATE, GRANT, REVOKE, ENABLE ROW LEVEL SECURITY, CREATE POLICY","org_units, org_relationships, people_directory, people_profiles","tenants, org_units, auth, people_directory"
20260801040000_foundation_org_people_seed_real_estate.sql,20260801040000,"foundation_org_people_seed_real_estate",Real Estate,"INSERT INTO, UPDATE","",""
20260802000000_create_hr_capability_schema.sql,20260802000000,"create_hr_capability_schema",Legacy/Unknown,"CREATE TABLE, CREATE INDEX, ALTER TABLE, UPDATE, GRANT, REVOKE, ENABLE ROW LEVEL SECURITY, CREATE POLICY","hr_departments, hr_employee_profiles, hr_contracts","tenants, org_units, people_directory, hr_departments, hr_employee_profiles"
20260802010000_create_workforce_portal_tables.sql,20260802010000,"create_workforce_portal_tables",Legacy/Unknown,"CREATE TABLE, CREATE INDEX, ALTER TABLE, UPDATE, GRANT, REVOKE, ENABLE ROW LEVEL SECURITY, CREATE POLICY","re_sales_kpi_targets, re_project_checkins, re_commission_ledger, re_tasks, re_documents","tenants, auth, people_directory, real_estate_projects, real_estate_products, re_documents"
20260802010001_workforce_portal_SIMPLE.sql,20260802010001,"workforce_portal_SIMPLE",Legacy/Unknown,"CREATE TABLE, CREATE INDEX, ALTER TABLE, UPDATE, GRANT, ENABLE ROW LEVEL SECURITY, CREATE POLICY","re_sales_kpi_targets, re_project_checkins, re_commission_ledger, re_tasks, re_documents","tenants, auth, people_directory, real_estate_projects, real_estate_products, re_documents"
20260802100000_fix_partner_portal_schema_conflicts.sql,20260802100000,"fix_partner_portal_schema_conflicts",Legacy/Unknown,"CREATE INDEX, ALTER TABLE, UPDATE","IF, real_estate_projects, real_estate_products","users"
20260802110000_partner_portal_missing_components.sql,20260802110000,"partner_portal_missing_components",Legacy/Unknown,"CREATE TABLE, CREATE INDEX, ALTER TABLE, INSERT INTO, UPDATE, GRANT, ENABLE ROW LEVEL SECURITY, CREATE POLICY","re_reservations, re_partner_leads, real_estate_projects, real_estate_products, re_commission_ledger, re_documents","tenants, real_estate_products, users, customers"
20260802112935_partner_registration_system.sql,20260802112935,"partner_registration_system",Legacy/Unknown,"CREATE TABLE, CREATE INDEX, CREATE TYPE, CREATE EXTENSION, ALTER TABLE, INSERT INTO, UPDATE, GRANT, ENABLE ROW LEVEL SECURITY, CREATE POLICY","partner_applications, partner_application_logs","auth, partner_applications"
20260802120000_real_estate_partner_portal.sql,20260802120000,"real_estate_partner_portal",Real Estate,"CREATE TABLE, CREATE INDEX, CREATE TYPE, ALTER TABLE, DROP FUNCTION, INSERT INTO, UPDATE, ENABLE ROW LEVEL SECURITY, CREATE POLICY","real_estate_projects, real_estate_products, re_reservations, re_commission_ledger, re_documents, re_partner_leads","tenants, users, real_estate_projects, real_estate_products, customers"
20260802130000_create_user_roles.sql,20260802130000,"create_user_roles",Platform/Core,"CREATE TABLE, CREATE INDEX, ALTER TABLE, ENABLE ROW LEVEL SECURITY, CREATE POLICY","user_roles","auth"
20260802140000_partner_documents_storage.sql,20260802140000,"partner_documents_storage",Legacy/Unknown,"UPDATE, GRANT","",""
20260802150000_real_estate_core_schema.sql,20260802150000,"real_estate_core_schema",Real Estate,"CREATE TABLE, CREATE INDEX, CREATE TYPE, CREATE EXTENSION, ALTER TABLE, ENABLE ROW LEVEL SECURITY, CREATE POLICY","real_estate_projects, real_estate_products, re_customers, re_leads, re_reservations, re_bookings, re_contracts, re_transactions, re_commissions","real_estate_projects, and, real_estate_products, re_customers, re_reservations, re_bookings, re_contracts"
20260802151000_real_estate_rpc_functions.sql,20260802151000,"real_estate_rpc_functions",Real Estate,"INSERT INTO, UPDATE, GRANT","",""
20260803200800_create_bella_auto_foundation.sql,20260803200800,"create_bella_auto_foundation",Legacy/Unknown,"CREATE TABLE, CREATE INDEX, ALTER TABLE, ENABLE ROW LEVEL SECURITY, CREATE POLICY","auto_brands, auto_models, auto_variants","tenants, auto_brands, auto_models"
20260803210000_create_auto_vehicles.sql,20260803210000,"create_auto_vehicles",Legacy/Unknown,"CREATE TABLE, CREATE INDEX, CREATE TYPE, ALTER TABLE, UPDATE, ENABLE ROW LEVEL SECURITY, CREATE POLICY","auto_vehicles, auto_vehicle_status_logs","tenants, variant_id, auto_variants, users, auto_vehicles"
20260803220000_create_auto_customer_extension.sql,20260803220000,"create_auto_customer_extension",Spa/BabyCare,"CREATE TABLE, CREATE INDEX, ALTER TABLE, UPDATE, ENABLE ROW LEVEL SECURITY, CREATE POLICY","auto_vehicle_owners, auto_customer_profiles","tenants, customers, auto_vehicles"
20260803230000_create_auto_journeys.sql,20260803230000,"create_auto_journeys",Legacy/Unknown,"CREATE TABLE, CREATE INDEX, ALTER TABLE, UPDATE, ENABLE ROW LEVEL SECURITY, CREATE POLICY","auto_journey_stages, auto_customer_journeys, auto_journey_events, auto_touchpoints","tenants, customers, auto_journey_stages, auto_customer_journeys, users"
20260803240000_create_auto_leads_bookings.sql,20260803240000,"create_auto_leads_bookings",Spa/BabyCare,"CREATE TABLE, CREATE INDEX, ALTER TABLE, UPDATE, ENABLE ROW LEVEL SECURITY, CREATE POLICY","auto_leads, auto_bookings","tenants, customers, auto_variants, users, auto_leads, auto_vehicles"
20260803250000_bella_auto_phase5_nps_csi.sql,20260803250000,"bella_auto_phase5_nps_csi",Legacy/Unknown,"CREATE TABLE, CREATE INDEX, ALTER TABLE, UPDATE, ENABLE ROW LEVEL SECURITY, CREATE POLICY","auto_survey_templates, auto_surveys, auto_survey_responses, auto_nps_scores, auto_csi_scores, auto_customer_health_scores, auto_next_best_actions, auto_lost_analysis","tenants, auth, auto_survey_templates, customers, auto_customer_journeys, auto_vehicles, auto_surveys"
20260803260000_bella_auto_phase6_service_center.sql,20260803260000,"bella_auto_phase6_service_center",Legacy/Unknown,"CREATE TABLE, CREATE INDEX, ALTER TABLE, UPDATE, ENABLE ROW LEVEL SECURITY, CREATE POLICY","auto_service_packages, auto_service_appointments, auto_repair_orders, auto_repair_order_items, auto_service_history, auto_warranty_claims, auto_technician_time_logs","tenants, customers, auto_vehicles, auto_service_packages, auto_service_appointments, auto_repair_orders, auto_repair_order_items"
20260803270000_bella_auto_phase7_trade_in_center.sql,20260803270000,"bella_auto_phase7_trade_in_center",Legacy/Unknown,"CREATE TABLE, CREATE INDEX, ALTER TABLE, UPDATE, GRANT, ENABLE ROW LEVEL SECURITY, CREATE POLICY","auto_trade_in_appraisals, auto_trade_in_photos, auto_market_valuations","customers, auto_vehicles, auto_sales, auto_trade_in_appraisals"
20260803280000_bella_auto_phase8_finance_center.sql,20260803280000,"bella_auto_phase8_finance_center",Legacy/Unknown,"CREATE TABLE, CREATE INDEX, ALTER TABLE, UPDATE, GRANT, ENABLE ROW LEVEL SECURITY, CREATE POLICY","auto_loan_applications, auto_insurance_policies","customers, auto_vehicles, auto_sales"
20260803290000_bella_auto_phase9_ai_center.sql,20260803290000,"bella_auto_phase9_ai_center",Legacy/Unknown,"CREATE TABLE, CREATE INDEX, ALTER TABLE, UPDATE, GRANT, ENABLE ROW LEVEL SECURITY, CREATE POLICY","auto_ai_insights, auto_demand_forecasts, auto_churn_predictions, auto_customer_lifetime_events",""
20260803300000_bella_auto_phase10_mobile_workforce.sql,20260803300000,"bella_auto_phase10_mobile_workforce",Legacy/Unknown,"CREATE TABLE, CREATE INDEX, ALTER TABLE, UPDATE, GRANT, ENABLE ROW LEVEL SECURITY, CREATE POLICY","auto_mobile_sessions, auto_offline_actions, auto_photo_uploads, auto_mobile_notifications","auto_mobile_sessions"
20260803310000_bella_auto_phase11_business_rollback.sql,20260803310000,"bella_auto_phase11_business_rollback",Legacy/Unknown,"CREATE TABLE, CREATE INDEX, CREATE TYPE, ALTER TABLE, GRANT, ENABLE ROW LEVEL SECURITY, CREATE POLICY","auto_business_transactions, auto_transaction_steps, auto_rollback_audit_log","tenants, entity_type, users, auto_business_transactions"
20260803320000_bella_auto_phase12_temporal_history.sql,20260803320000,"bella_auto_phase12_temporal_history",Legacy/Unknown,"CREATE TABLE, CREATE INDEX, INSERT INTO, UPDATE, GRANT","auto_vehicles_history, auto_bookings_history, auto_customer_journeys_history","users"
20260804000000_bella_auto_phase13_rule_engine.sql,20260804000000,"bella_auto_phase13_rule_engine",Legacy/Unknown,"CREATE TABLE, CREATE INDEX, CREATE TYPE, ALTER TABLE, INSERT INTO, ENABLE ROW LEVEL SECURITY, CREATE POLICY","auto_business_rules, auto_rule_execution_log, auto_rule_templates, auto_approval_workflows, auto_approval_instances","tenants, users, auto_business_rules, auto_approval_workflows"
20260804020000_bella_auto_performance_indexes.sql,20260804020000,"bella_auto_performance_indexes",Legacy/Unknown,"CREATE INDEX","",""
20260804030000_bella_auto_phase12_temporal_rpcs.sql,20260804030000,"bella_auto_phase12_temporal_rpcs",Legacy/Unknown,"GRANT","",""
20260804031000_bella_auto_phase12_temporal_rpcs_fixed.sql,20260804031000,"bella_auto_phase12_temporal_rpcs_fixed",Legacy/Unknown,"DROP FUNCTION, GRANT","",""
20260804100000_bella_auto_phase14_marketplace.sql,20260804100000,"bella_auto_phase14_marketplace",Legacy/Unknown,"CREATE TABLE, CREATE INDEX, ALTER TABLE, INSERT INTO, ENABLE ROW LEVEL SECURITY, CREATE POLICY","auto_capabilities, auto_capability_versions, auto_capability_dependencies, auto_installed_capabilities, auto_capability_configs","auto_capabilities, auto_capability_versions"
20260804110000_bella_auto_phase15_rollup_analytics.sql,20260804110000,"bella_auto_phase15_rollup_analytics",Legacy/Unknown,"CREATE TABLE, CREATE INDEX, ALTER TABLE, INSERT INTO, UPDATE, ENABLE ROW LEVEL SECURITY, CREATE POLICY","auto_organization_units, auto_rollup_configs, auto_rollup_cache","auto_organization_units"
20260804120000_grant_bella_auto_permissions.sql,20260804120000,"grant_bella_auto_permissions",Platform/Core,"GRANT","",""
20260804310000_create_auto_deposits_tracking.sql,20260804310000,"create_auto_deposits_tracking",Legacy/Unknown,"CREATE TABLE, CREATE INDEX, ALTER TABLE, UPDATE, GRANT, ENABLE ROW LEVEL SECURITY, CREATE POLICY","auto_deposits","tenants, auto_bookings, users"
20260804320000_analytics_rpcs.sql,20260804320000,"analytics_rpcs",Legacy/Unknown,"GRANT","",""
20260804330000_grant_analytics_rpcs.sql,20260804330000,"grant_analytics_rpcs",Legacy/Unknown,"GRANT","",""
20260804360000_migrate_workshop_schema.sql,20260804360000,"migrate_workshop_schema",Legacy/Unknown,"CREATE INDEX, ALTER TABLE, UPDATE","auto_service_appointments, auto_repair_orders",""
20260804380000_bella_auto_disable_rls_workshop_tables.sql,20260804380000,"bella_auto_disable_rls_workshop_tables",Legacy/Unknown,"ALTER TABLE","auto_service_appointments, auto_repair_orders",""
20260804400000_regrant_bella_auto_permissions.sql,20260804400000,"regrant_bella_auto_permissions",Platform/Core,"GRANT","",""
20260804450000_bella_auto_brands_seed.sql,20260804450000,"bella_auto_brands_seed",Legacy/Unknown,"INSERT INTO","",""
20260804500000_bella_auto_demo_seed.sql,20260804500000,"bella_auto_demo_seed",Legacy/Unknown,"INSERT INTO","",""
20260805010000_fix_rls_performance.sql,20260805010000,"fix_rls_performance",Legacy/Unknown,"ALTER FUNCTION","",""
20260806000000_blueprint_core_schema.sql,20260806000000,"blueprint_core_schema",Healthcare OS,"CREATE TABLE, CREATE INDEX, ALTER TABLE, UPDATE, ENABLE ROW LEVEL SECURITY, CREATE POLICY","party_parties, party_identifiers, party_relationships, party_roles, journey_journeys, journey_sub_journeys, journey_milestones, timeline_events","tenants, party_parties, journey_journeys, journey_sub_journeys"
20260806010000_blueprint_assets_contracts.sql,20260806010000,"blueprint_assets_contracts",Real Estate,"CREATE TABLE, CREATE INDEX, ALTER TABLE, ENABLE ROW LEVEL SECURITY, CREATE POLICY","asset_assets, contract_contracts","tenants, party_parties, journey_journeys"
20260806020000_blueprint_knowledge_policies_resources.sql,20260806020000,"blueprint_knowledge_policies_resources",Legacy/Unknown,"CREATE TABLE, CREATE INDEX, CREATE EXTENSION, ALTER TABLE, ENABLE ROW LEVEL SECURITY, CREATE POLICY","knowledge_entries, knowledge_graph_edges, knowledge_inference_rules, workflow_definitions, workflow_instances, resource_skills","tenants, party_parties, workflow_definitions, journey_journeys"
20260806030000_healthcare_kernel_schema.sql,20260806030000,"healthcare_kernel_schema",Healthcare OS,"CREATE TABLE, CREATE INDEX, ALTER TABLE, ENABLE ROW LEVEL SECURITY, CREATE POLICY","hc_encounters, hc_prescriptions, den_odontograms","tenants, journey_journeys, party_parties, hc_encounters"
20260806040000_healthcare_seed_data.sql,20260806040000,"healthcare_seed_data",Healthcare OS,"DROP FUNCTION, INSERT INTO, UPDATE","",""
20260806050000_healthcare_platform_extended_schema.sql,20260806050000,"healthcare_platform_extended_schema",Healthcare OS,"CREATE TABLE, CREATE INDEX, ALTER TABLE, ENABLE ROW LEVEL SECURITY, CREATE POLICY","patient_profiles, hc_clinical_orders, hc_lab_orders, hc_imaging_orders, hc_drug_profiles, hc_patient_queues","tenants, customers, hc_encounters, users, hc_clinical_orders, inventory_items"
20260806060000_set_healthcare_tenants_to_medical.sql,20260806060000,"set_healthcare_tenants_to_medical",Platform/Core,"UPDATE","",""
20260807000000_create_hc_appointments.sql,20260807000000,"create_hc_appointments",Healthcare OS,"CREATE TABLE, CREATE INDEX, ALTER TABLE, DROP FUNCTION, INSERT INTO, ENABLE ROW LEVEL SECURITY, CREATE POLICY","hc_appointments","tenants"
20260807000001_create_feature_flags_table.sql,20260807000001,"create_feature_flags_table",Healthcare OS,"CREATE TABLE, CREATE INDEX, ALTER TABLE, INSERT INTO, UPDATE, GRANT, ENABLE ROW LEVEL SECURITY, CREATE POLICY","feature_flags, feature_flags_audit_log","feature_flags, users"
20260807010000_add_doctor_notification_to_lab.sql,20260807010000,"add_doctor_notification_to_lab",Healthcare OS,"ALTER TABLE","hc_lab_orders",""
20260807020000_add_doctor_notification_to_imaging.sql,20260807020000,"add_doctor_notification_to_imaging",Healthcare OS,"ALTER TABLE","hc_imaging_orders",""
20260807030000_seed_hc_imaging_orders.sql,20260807030000,"seed_hc_imaging_orders",Healthcare OS,"ALTER TABLE, DROP FUNCTION, INSERT INTO","hc_imaging_orders",""
20260807040000_add_completed_at_to_hc_encounters.sql,20260807040000,"add_completed_at_to_hc_encounters",Healthcare OS,"ALTER TABLE, UPDATE","hc_encounters",""
20260807050000_add_status_to_hc_prescriptions.sql,20260807050000,"add_status_to_hc_prescriptions",Healthcare OS,"ALTER TABLE","hc_prescriptions",""
20260807060000_audit_healthcare_tables.sql,20260807060000,"audit_healthcare_tables",Healthcare OS,"UPDATE","",""
20260807100000_hospital_inpatient_his_baseline.sql,20260807100000,"hospital_inpatient_his_baseline",Healthcare OS,"CREATE TABLE, CREATE INDEX, ALTER TABLE, ENABLE ROW LEVEL SECURITY, CREATE POLICY","hc_master_patient_index, hc_buildings, hc_wards, hc_rooms, hc_beds, hc_inpatient_admissions, hc_nursing_vital_signs, hc_medication_administration_records, hc_security_break_glass_logs, hc_enterprise_registries","tenants, hc_buildings, hc_wards, hc_rooms, hc_encounters, hc_master_patient_index, hc_beds, hc_inpatient_admissions, users"
20260807200000_enterprise_platform_c_baseline.sql,20260807200000,"enterprise_platform_c_baseline",Healthcare OS,"CREATE TABLE, CREATE INDEX, ALTER TABLE, DROP TABLE, INSERT INTO, ENABLE ROW LEVEL SECURITY, CREATE POLICY","arch_decisions, arch_arb_reviews, arch_tech_debt, arch_maturity_scores, platform_industry_packs, platform_ai_agents, platform_ai_prompt_ledger, DROP, accounting_outbox","arch_decisions, tenants"
20260808000001_add_inpatient_encounter_class.sql,20260808000001,"add_inpatient_encounter_class",Healthcare OS,"CREATE INDEX, ALTER TABLE","hc_encounters",""
20260808000002_create_capability_risk_registry.sql,20260808000002,"create_capability_risk_registry",Healthcare OS,"CREATE TABLE, ALTER TABLE, UPDATE, ENABLE ROW LEVEL SECURITY, CREATE POLICY","capability_risk_registry",""
20260808000003_seed_capability_risk_registry.sql,20260808000003,"seed_capability_risk_registry",Healthcare OS,"INSERT INTO","",""
20260808000004_create_perioperative_platform.sql,20260808000004,"create_perioperative_platform",Healthcare OS,"CREATE TABLE, CREATE INDEX, CREATE EXTENSION, ALTER TABLE, UPDATE, ENABLE ROW LEVEL SECURITY, CREATE POLICY","hc_clinical_safety_profiles, hc_idempotency_keys, hc_operating_rooms, hc_or_schedules, hc_surgical_cases, hc_surgical_teams, hc_surgical_safety_checklists, hc_anesthesia_records, hc_anesthesia_observations, hc_anesthesia_medications, hc_pacu_admissions, hc_specimens, hc_implants, hc_equipment, hc_cssd_cycles, hc_cssd_cycle_items, hc_or_equipment_usage","tenants, hc_operating_rooms, hc_encounters, hc_surgical_cases, users, hc_anesthesia_records, inventory_items, hc_cssd_cycles, hc_equipment"
20260808000005_create_icu_ed_bloodbank_tables.sql,20260808000005,"create_icu_ed_bloodbank_tables",Healthcare OS,"CREATE TABLE, CREATE INDEX, CREATE EXTENSION, ALTER TABLE, UPDATE, ENABLE ROW LEVEL SECURITY, CREATE POLICY","hc_icu_beds, hc_icu_observations, hc_clinical_calculations, hc_ventilator_safety_policies, hc_ventilator_records, hc_emergency_visits, hc_triage_assessments, hc_blood_units, hc_blood_crossmatch_records, hc_transfusion_verifications, hc_transfusion_records","tenants, hc_beds, hc_encounters, JSONB, array, hc_ventilator_safety_policies, hc_emergency_visits, users, hc_blood_units, hc_blood_crossmatch_records, hc_transfusion_verifications"
20260808000006_create_cds_order_tables.sql,20260808000006,"create_cds_order_tables",Healthcare OS,"CREATE TABLE, CREATE INDEX, ALTER TABLE, INSERT INTO, UPDATE, ENABLE ROW LEVEL SECURITY, CREATE POLICY","hc_drugs, hc_drug_interactions, hc_clinical_protocols, hc_tenant_cds_policies, hc_patient_allergies, hc_clinical_orders, hc_order_cds_overrides, hc_clinical_calculations","hc_drugs, tenants, hc_drug_interactions, hc_clinical_protocols, hc_encounters, hc_clinical_calculations, hc_clinical_orders"
20260808000010_create_rollback_engine_tables.sql,20260808000010,"create_rollback_engine_tables",Healthcare OS,"CREATE TABLE, CREATE INDEX, CREATE TYPE, ALTER TABLE, INSERT INTO, UPDATE, ENABLE ROW LEVEL SECURITY, CREATE POLICY","platform_business_transactions, platform_transaction_steps, platform_rollback_audit_log","tenants, platform_business_transactions"
20260808000011_create_temporal_engine_tables.sql,20260808000011,"create_temporal_engine_tables",Healthcare OS,"CREATE TABLE, CREATE INDEX, ALTER TABLE, INSERT INTO, UPDATE, ENABLE ROW LEVEL SECURITY, CREATE POLICY","platform_temporal_snapshots","tenants, platform_business_transactions"
20260808000012_create_rule_engine_tables.sql,20260808000012,"create_rule_engine_tables",Legacy/Unknown,"CREATE TABLE, CREATE INDEX, CREATE TYPE, ALTER TABLE, INSERT INTO, UPDATE, ENABLE ROW LEVEL SECURITY, CREATE POLICY","platform_business_rules, platform_rule_evaluation_log","tenants, platform_business_rules"
20260808000013_create_analytics_engine_tables.sql,20260808000013,"create_analytics_engine_tables",Healthcare OS,"CREATE TABLE, CREATE INDEX, ALTER TABLE, INSERT INTO, ENABLE ROW LEVEL SECURITY, CREATE POLICY","platform_metric_events, platform_metric_events_2026_08, platform_metric_events_2026_09, platform_metric_events_2026_10, platform_metric_events_2026_11, platform_metric_events_2026_12, platform_metric_events_2027_01, platform_daily_rollups, platform_monthly_rollups, platform_enterprise_metric_definitions, platform_enterprise_rollups","tenants, platform_enterprise_metric_definitions"
20260809000001_seed_hospital_wards.sql,20260809000001,"seed_hospital_wards",Healthcare OS,"INSERT INTO","",""
20260809000002_seed_hospital_beds.sql,20260809000002,"seed_hospital_beds",Healthcare OS,"INSERT INTO","",""
20260810000001_create_persons_table.sql,20260810000001,"create_persons_table",Legacy/Unknown,"CREATE TABLE, CREATE INDEX, ALTER TABLE, UPDATE, ENABLE ROW LEVEL SECURITY, CREATE POLICY","persons, DROP","tenants"
20260810153259_create_persons_table_v2.sql,20260810153259,"create_persons_table_v2",Legacy/Unknown,"CREATE TABLE, CREATE INDEX, ALTER TABLE, UPDATE, ENABLE ROW LEVEL SECURITY, CREATE POLICY","persons, DROP","tenants"
20260810224417_create_students_table.sql,20260810224417,"create_students_table",Education OS,"CREATE TABLE, CREATE INDEX, ALTER TABLE, DROP TABLE, UPDATE, ENABLE ROW LEVEL SECURITY, CREATE POLICY","students","Person, tenants, persons"
20260810224418_migrate_students_to_platform_schema.sql,20260810224418,"migrate_students_to_platform_schema",Education OS,"CREATE INDEX, ALTER TABLE, CREATE POLICY","students","Person, persons"
20260810231500_create_courses_and_enrollments.sql,20260810231500,"create_courses_and_enrollments",Education OS,"CREATE TABLE, CREATE INDEX, ALTER TABLE, DROP TABLE, UPDATE, ENABLE ROW LEVEL SECURITY, CREATE POLICY","courses, enrollments","Student, tenants, students, courses"
20260810235000_create_attendances.sql,20260810235000,"create_attendances",Legacy/Unknown,"CREATE TABLE, CREATE INDEX, ALTER TABLE, UPDATE, GRANT, ENABLE ROW LEVEL SECURITY, CREATE POLICY","attendances","tenants, students, courses, enrollments"
20260811000000_migrate_owner_name_to_person_center.sql,20260811000000,"migrate_owner_name_to_person_center",Legacy/Unknown,"CREATE INDEX, ALTER TABLE, INSERT INTO, UPDATE","real_estate_products","party_parties"
20260811000002_validate_owner_migration.sql,20260811000002,"validate_owner_migration",Legacy/Unknown,"","",""
20260811120000_migrate_encounters_to_canonical_schema.sql,20260811120000,"migrate_encounters_to_canonical_schema",Healthcare OS,"ALTER TABLE, UPDATE, ENABLE ROW LEVEL SECURITY, CREATE POLICY","hc_encounters","hc_encounters"
20260812010000_make_care_journey_id_nullable.sql,20260812010000,"make_care_journey_id_nullable",Healthcare OS,"ALTER TABLE, UPDATE","hc_encounters",""
20260812020000_drop_care_journey_fk.sql,20260812020000,"drop_care_journey_fk",Healthcare OS,"ALTER TABLE, UPDATE","hc_encounters",""
20260812030000_extend_clinical_orders_table.sql,20260812030000,"extend_clinical_orders_table",Healthcare OS,"CREATE INDEX, ALTER TABLE, DROP INDEX, UPDATE","hc_clinical_orders, hc_encounters","party_parties, hc_encounters"
20260812040000_recreate_clinical_orders_table.sql,20260812040000,"recreate_clinical_orders_table",Healthcare OS,"CREATE TABLE, CREATE INDEX, ALTER TABLE, DROP TABLE, ENABLE ROW LEVEL SECURITY, CREATE POLICY","hc_drugs, hc_clinical_calculations, hc_clinical_orders","tenants, hc_encounters, hc_clinical_calculations"
20260812050000_extend_pharmacy_schema.sql,20260812050000,"extend_pharmacy_schema",Healthcare OS,"CREATE INDEX, ALTER TABLE, UPDATE","hc_prescriptions, hc_medication_administration_records","hc_clinical_orders, hc_encounters"
20260812060000_create_education_schema.sql,20260812060000,"create_education_schema",Education OS,"CREATE TABLE, CREATE INDEX, ALTER TABLE, ENABLE ROW LEVEL SECURITY, CREATE POLICY","edu_courses, edu_enrollments","tenants, party_parties, edu_courses"
20260812070000_create_surgery_schema.sql,20260812070000,"create_surgery_schema",Healthcare OS,"CREATE TABLE, CREATE INDEX, CREATE EXTENSION, ALTER TABLE, DROP TABLE, ENABLE ROW LEVEL SECURITY, CREATE POLICY","hc_surgical_cases","tenants, hc_encounters, party_parties"
20260813000000_create_h8_cds_schema.sql,20260813000000,"create_h8_cds_schema",Healthcare OS,"CREATE TABLE, CREATE INDEX, ALTER TABLE, INSERT INTO, UPDATE, ENABLE ROW LEVEL SECURITY, CREATE POLICY","hc_clinical_context_snapshots, hc_cds_processed_events, hc_cds_rules, hc_clinical_decisions, hc_decision_overrides","tenants, hc_encounters, hc_cds_rules, hc_clinical_decisions"
20260813000009_temporal_engine_tables.sql,20260813000009,"temporal_engine_tables",Healthcare OS,"CREATE TABLE, CREATE INDEX, UPDATE","hc_temporal_events, hc_temporal_snapshots",""
20260813000010_rule_governance_tables.sql,20260813000010,"rule_governance_tables",Healthcare OS,"CREATE TABLE, CREATE INDEX, UPDATE","hc_governed_clinical_rules, hc_rule_governance_audit",""
20260813000011_clinical_audit_tables.sql,20260813000011,"clinical_audit_tables",Healthcare OS,"CREATE TABLE, CREATE INDEX, UPDATE","hc_clinical_audit_ledger, hc_clinical_evidence_packages, hc_compliance_exceptions","hc_clinical_audit_ledger, JSONB"
20260813000020_create_edu_attendance_and_assessment.sql,20260813000020,"create_edu_attendance_and_assessment",Education OS,"CREATE TABLE, CREATE INDEX, ALTER TABLE, ENABLE ROW LEVEL SECURITY, CREATE POLICY","edu_attendance, edu_assessments","tenants, edu_enrollments"
20260813000030_create_assessments_and_results.sql,20260813000030,"create_assessments_and_results",Legacy/Unknown,"CREATE TABLE, ALTER TABLE, GRANT, ENABLE ROW LEVEL SECURITY, CREATE POLICY","assessments, assessment_results","tenants, courses, assessments, students"
20260813000040_create_enrollment_transaction_rpc.sql,20260813000040,"create_enrollment_transaction_rpc",Education OS,"ALTER TABLE, DROP FUNCTION, INSERT INTO, UPDATE, DELETE FROM","edu_courses, edu_enrollments",""
20260813000050_create_teacher_assignments.sql,20260813000050,"create_teacher_assignments",Education OS,"CREATE TABLE, CREATE INDEX, ALTER TABLE, UPDATE, ENABLE ROW LEVEL SECURITY, CREATE POLICY","teacher_assignments","tenants, courses, party_parties"
20260815000000_finance_kernel_v1.sql,20260815000000,"finance_kernel_v1",Legacy/Unknown,"CREATE TABLE, CREATE INDEX, ALTER TABLE, GRANT, ENABLE ROW LEVEL SECURITY, CREATE POLICY","finance_accounting_periods, finance_accounts, finance_transactions, finance_transaction_lines, finance_outbox_events, finance_audit_trail","tenants, finance_accounting_periods, finance_transactions, finance_accounts"
20260815005000_finance_kernel_v1_schema_fix.sql,20260815005000,"finance_kernel_v1_schema_fix",Legacy/Unknown,"CREATE INDEX, ALTER TABLE","finance_transactions, finance_outbox_events",""
20260815010000_finance_ledger_rpcs.sql,20260815010000,"finance_ledger_rpcs",Legacy/Unknown,"INSERT INTO, UPDATE, GRANT","",""
20260815011000_finance_reversal_period_fix.sql,20260815011000,"finance_reversal_period_fix",Legacy/Unknown,"DROP FUNCTION, INSERT INTO, UPDATE, GRANT","",""
20260815020000_finance_service_role_grants.sql,20260815020000,"finance_service_role_grants",Legacy/Unknown,"GRANT","",""
20260815030000_finance_db_constraint_audit.sql,20260815030000,"finance_db_constraint_audit",Legacy/Unknown,"UPDATE","",""
20260815040000_finance_trigger_reversal_fix.sql,20260815040000,"finance_trigger_reversal_fix",Legacy/Unknown,"","",""
20260816000000_finance_cash_engine_v1.sql,20260816000000,"finance_cash_engine_v1",Legacy/Unknown,"CREATE TABLE, CREATE INDEX, ALTER TABLE, UPDATE, ENABLE ROW LEVEL SECURITY, CREATE POLICY","finance_tenant_configs, finance_bank_accounts, finance_cash_positions, finance_cash_movements, finance_cash_quarantine, finance_transactions, finance_accounts","tenants, finance_accounts, finance_bank_accounts, finance_transactions, finance_cash_movements"
20260816005000_finance_cash_projection_rpc.sql,20260816005000,"finance_cash_projection_rpc",Legacy/Unknown,"INSERT INTO, UPDATE","",""
20260816010000_finance_cash_engine_grants.sql,20260816010000,"finance_cash_engine_grants",Legacy/Unknown,"UPDATE, GRANT, REVOKE","",""
20260816020000_finance_ledger_emit_v2_events.sql,20260816020000,"finance_ledger_emit_v2_events",Legacy/Unknown,"DROP FUNCTION, INSERT INTO, UPDATE, GRANT","",""
20260816021000_finance_quarantine_rpc.sql,20260816021000,"finance_quarantine_rpc",Legacy/Unknown,"INSERT INTO, GRANT, REVOKE","",""
20260816022000_finance_project_transaction_rpc.sql,20260816022000,"finance_project_transaction_rpc",Legacy/Unknown,"GRANT, REVOKE","",""
20260816030000_finance_cash_reconstruction_rpc.sql,20260816030000,"finance_cash_reconstruction_rpc",Legacy/Unknown,"INSERT INTO, UPDATE, DELETE FROM, GRANT, REVOKE","",""
20260816040000_finance_cash_concurrency_locks.sql,20260816040000,"finance_cash_concurrency_locks",Legacy/Unknown,"INSERT INTO, UPDATE, DELETE FROM","",""
20260816050000_finance_f3_proof_setup.sql,20260816050000,"finance_f3_proof_setup",Legacy/Unknown,"CREATE TABLE, INSERT INTO, UPDATE, GRANT","tmp_f3_proof_invoices, tmp_f3_proof_receivable_ledger, tmp_f3_proof_receivable_positions, tmp_f3_proof_allocations","tmp_f3_proof_invoices, tmp_f3_proof_allocations"
20260817000000_finance_ar_engine_v1.sql,20260817000000,"finance_ar_engine_v1",Legacy/Unknown,"CREATE TABLE, CREATE INDEX, ALTER TABLE, UPDATE, GRANT, REVOKE, ENABLE ROW LEVEL SECURITY, CREATE POLICY","finance_invoices, finance_invoice_lines, finance_receivable_ledger, finance_receivable_positions, finance_receivable_allocations, finance_receivable_adjustments","tenants, finance_invoices, finance_receivable_allocations"
20260817000001_n1_finance_outbox_hardening.sql,20260817000001,"n1_finance_outbox_hardening",Legacy/Unknown,"CREATE INDEX, ALTER TABLE, DROP INDEX, UPDATE","finance_outbox_events",""
20260817010000_finance_invoice_lifecycle_rpcs.sql,20260817010000,"finance_invoice_lifecycle_rpcs",Legacy/Unknown,"ALTER TABLE, INSERT INTO, UPDATE, GRANT","finance_invoices",""
20260817020000_finance_payment_allocation_rpcs.sql,20260817020000,"finance_payment_allocation_rpcs",Legacy/Unknown,"ALTER TABLE, INSERT INTO, UPDATE, GRANT","finance_receivable_allocations",""
20260817070312_finance_event_idempotency.sql,20260817070312,"finance_event_idempotency",Legacy/Unknown,"CREATE TABLE, CREATE INDEX, ALTER TABLE, UPDATE, ENABLE ROW LEVEL SECURITY, CREATE POLICY","finance_event_idempotency","tenants"
20260817071105_finance_transaction_metadata.sql,20260817071105,"finance_transaction_metadata",Legacy/Unknown,"CREATE TABLE, CREATE INDEX, ALTER TABLE, ENABLE ROW LEVEL SECURITY, CREATE POLICY","finance_transaction_metadata","journal_entries, tenants"
20260818000000_finance_ap_engine_v1.sql,20260818000000,"finance_ap_engine_v1",Legacy/Unknown,"CREATE TABLE, ALTER TABLE, INSERT INTO, UPDATE, GRANT, ENABLE ROW LEVEL SECURITY, CREATE POLICY","finance_vendor_bills, finance_vendor_bill_lines, finance_payable_ledger, finance_payable_allocations, finance_payable_positions, finance_vendor_prepayments","tenants, finance_vendor_bills, finance_payable_allocations"
20260818000001_runtime_tables.sql,20260818000001,"runtime_tables",Legacy/Unknown,"CREATE TABLE, CREATE INDEX, ALTER TABLE, INSERT INTO, UPDATE, DELETE FROM, ENABLE ROW LEVEL SECURITY, CREATE POLICY","runtime_tenant_registry, runtime_idempotency_registry, runtime_outbox, runtime_audit_log, runtime_quarantine","runtime_tenant_registry"
20260818000002_runtime_rls_jwt.sql,20260818000002,"runtime_rls_jwt",Legacy/Unknown,"UPDATE, CREATE POLICY","",""
20260818000003_runtime_authenticated_grants.sql,20260818000003,"runtime_authenticated_grants",Legacy/Unknown,"UPDATE, GRANT","",""
20260819000000_f5_schema.sql,20260819000000,"f5_schema",Legacy/Unknown,"CREATE TABLE, CREATE INDEX, ALTER TABLE, UPDATE, GRANT, REVOKE, ENABLE ROW LEVEL SECURITY, CREATE POLICY","f5_control_results, f5_control_cases, f5_projection_health","tenants, f5_control_results, f5_control_cases"
20260819000004_runtime_submit_intent_rpc.sql,20260819000004,"runtime_submit_intent_rpc",Legacy/Unknown,"DROP FUNCTION, INSERT INTO, GRANT, REVOKE","",""
20260819010000_f5_read_contracts.sql,20260819010000,"f5_read_contracts",Real Estate,"GRANT","",""
20260819020000_f5_reconstruction_engine.sql,20260819020000,"f5_reconstruction_engine",Legacy/Unknown,"INSERT INTO, UPDATE, GRANT","","this"
20260819030000_f5_registry_and_contracts.sql,20260819030000,"f5_registry_and_contracts",Real Estate,"CREATE TABLE, ALTER TABLE, GRANT, ENABLE ROW LEVEL SECURITY, CREATE POLICY","finance_control_account_mappings","tenants"
20260819040000_fix_legacy_spa_rls_policies.sql,20260819040000,"fix_legacy_spa_rls_policies",Beauty OS,"CREATE POLICY","",""
20260819040000_runtime_migration_e1_gate_schema_safe.sql,20260819040000,"runtime_migration_e1_gate_schema_safe",Legacy/Unknown,"","",""
20260819050000_runtime_migration_05a_classification_reservation.sql,20260819050000,"runtime_migration_05a_classification_reservation",Legacy/Unknown,"CREATE TABLE, CREATE INDEX, INSERT INTO","migration_evidence",""
20260819050001_runtime_migration_05_e2_orphan_safety_gate.sql,20260819050001,"runtime_migration_05_e2_orphan_safety_gate",Legacy/Unknown,"UPDATE","","in, Found, Orphan, found"
20260819050002_runtime_migration_05b_canonical_tenant_creation.sql,20260819050002,"runtime_migration_05b_canonical_tenant_creation",Platform/Core,"ALTER TABLE, INSERT INTO, UPDATE, DELETE FROM","migration_evidence","tenants"
20260819050003_runtime_migration_05c_text_to_uuid_type_migration.sql,20260819050003,"runtime_migration_05c_text_to_uuid_type_migration",Legacy/Unknown,"ALTER TABLE, UPDATE","runtime_tenant_registry","tenants, runtime_tenant_registry"
20260819050004_runtime_migration_e3_post_05c_verification.sql,20260819050004,"runtime_migration_e3_post_05c_verification",Legacy/Unknown,"","",""
20260820000000_f5_fx_integrity.sql,20260820000000,"f5_fx_integrity",Legacy/Unknown,"INSERT INTO, UPDATE, GRANT","",""
20260820010000_f5_prepayment_reconciliation.sql,20260820010000,"f5_prepayment_reconciliation",Legacy/Unknown,"DROP FUNCTION, INSERT INTO, UPDATE, GRANT","",""
20260820100000_migration_governance_approvals.sql,20260820100000,"migration_governance_approvals",Legacy/Unknown,"CREATE TABLE, CREATE INDEX, ALTER TABLE, INSERT INTO, UPDATE, GRANT","migration_governance",""
20260820110000_database_role_separation.sql,20260820110000,"database_role_separation",Healthcare OS,"CREATE TABLE, UPDATE, GRANT, REVOKE","migration_governance",""
20260820110000_database_role_separation_v2.sql,20260820110000,"database_role_separation_v2",Legacy/Unknown,"CREATE TABLE, GRANT","migration_governance",""
20260820120000_fix_executor_privileges.sql,20260820120000,"fix_executor_privileges",Legacy/Unknown,"UPDATE, GRANT, REVOKE","",""
20260820130000_grant_executor_rls_bypass.sql,20260820130000,"grant_executor_rls_bypass",Legacy/Unknown,"GRANT","",""
20260820140000_enable_rls_block_service_key.sql,20260820140000,"enable_rls_block_service_key",Legacy/Unknown,"ALTER TABLE, ENABLE ROW LEVEL SECURITY, CREATE POLICY","tenants",""
20260821000000_fix_healthcare_rls_tenant_isolation.sql,20260821000000,"fix_healthcare_rls_tenant_isolation",Platform/Core,"CREATE POLICY","",""
20260821115404_logistics_schema.sql,20260821115404,"logistics_schema",Legacy/Unknown,"CREATE TABLE, CREATE INDEX, ALTER TABLE, UPDATE, ENABLE ROW LEVEL SECURITY, CREATE POLICY","log_shipments, log_tracking_events, log_routes, log_warehouses, log_carriers, log_idempotency_keys","tenants, log_shipments"
20260822000000_f5_test_cleanup_rpc.sql,20260822000000,"f5_test_cleanup_rpc",Legacy/Unknown,"DROP FUNCTION, UPDATE, DELETE FROM, GRANT, REVOKE","",""
20260823000000_f5_ar_reconciliation.sql,20260823000000,"f5_ar_reconciliation",Legacy/Unknown,"INSERT INTO, UPDATE, GRANT","",""
20260823010000_f5_ar_reconciliation_fix.sql,20260823010000,"f5_ar_reconciliation_fix",Legacy/Unknown,"INSERT INTO, UPDATE, GRANT","",""
20260909000051_p41_safety_critical.sql,20260909000051,"p41_safety_critical",Healthcare OS,"CREATE TABLE, ALTER TABLE, ENABLE ROW LEVEL SECURITY, CREATE POLICY","edu_allergens, edu_child_allergies, edu_food_ingredients, edu_ingredient_allergens, edu_meal_items, edu_meal_item_ingredients, edu_medication_authorizations, edu_medication_dose_occurrences, edu_medication_logs, edu_health_incidents, public","tenants, students, edu_allergens, edu_food_ingredients, edu_meal_items, persons, edu_medication_authorizations, edu_medication_dose_occurrences"
20260909000052_p42_daily_care_operations.sql,20260909000052,"p42_daily_care_operations",Education OS,"CREATE TABLE, ALTER TABLE, ENABLE ROW LEVEL SECURITY, CREATE POLICY","edu_daily_care_sessions, edu_daily_care_records, edu_daily_parent_digests, public","tenants, edu_daily_care_sessions, students"
20260909000053_p51_framework_observation_evidence.sql,20260909000053,"p51_framework_observation_evidence",Education OS,"CREATE TABLE, ALTER TABLE, UPDATE, ENABLE ROW LEVEL SECURITY, CREATE POLICY","edu_dev_frameworks, edu_dev_framework_versions, edu_dev_framework_domains, edu_dev_milestones, edu_dev_activities, edu_dev_observations, edu_dev_observation_students, edu_dev_observation_milestones, edu_dev_evidence","edu_dev_frameworks, edu_dev_framework_versions, edu_dev_framework_domains, edu_dev_activities, edu_dev_observations, students, edu_dev_observation_students, edu_dev_milestones"
20260909000054_p52_milestone_progress_next_steps.sql,20260909000054,"p52_milestone_progress_next_steps",Education OS,"CREATE TABLE, ALTER TABLE, ENABLE ROW LEVEL SECURITY, CREATE POLICY","edu_dev_milestone_progress, edu_dev_progress_evidence_links, edu_dev_next_steps","students, edu_dev_framework_versions, edu_dev_milestones, edu_dev_milestone_progress, edu_dev_evidence"
20260909000055_p53_portfolio_workspace.sql,20260909000055,"p53_portfolio_workspace",Beauty OS,"CREATE TABLE, ALTER TABLE, UPDATE, ENABLE ROW LEVEL SECURITY, CREATE POLICY","edu_dev_portfolios, edu_dev_portfolio_versions, edu_dev_portfolio_items, edu_dev_portfolio_publications","students, edu_dev_portfolios, in, edu_dev_portfolio_versions"
20260909000056_p61_parent_communication.sql,20260909000056,"p61_parent_communication",Education OS,"CREATE TABLE, CREATE INDEX, ALTER TABLE, UPDATE, ENABLE ROW LEVEL SECURITY, CREATE POLICY","edu_comm_threads, edu_comm_notices, edu_comm_deliveries, edu_comm_delivery_attempts, edu_comm_acknowledgements, edu_comm_consent_responses, edu_comm_responses, edu_comm_exceptions, edu_comm_sent_snapshots","tenants, edu_comm_threads, edu_comm_notices, edu_comm_deliveries"
20260909000057_p62_projection_bridges.sql,20260909000057,"p62_projection_bridges",Education OS,"ALTER TABLE, DROP INDEX","edu_comm_notices",""
20260909000058_p71_preschool_finance.sql,20260909000058,"p71_preschool_finance",Education OS,"CREATE TABLE, CREATE INDEX, ALTER TABLE, UPDATE, ENABLE ROW LEVEL SECURITY, CREATE POLICY","edu_fin_fee_structures, edu_fin_billing_periods, edu_fin_student_discount_profiles, edu_fin_invoices, edu_fin_invoice_line_items, edu_fin_payments, edu_fin_reconciliation_ledger, edu_fin_receipts","tenants, edu_fin_billing_periods, edu_fin_invoices, edu_fin_payments"
20260909000059_p73_finance_rls_grant.sql,20260909000059,"p73_finance_rls_grant",Education OS,"UPDATE, GRANT, CREATE POLICY","",""
20260909000060_p8_staff_scheduling_schema.sql,20260909000060,"p8_staff_scheduling_schema",Education OS,"CREATE TABLE, CREATE INDEX, ALTER TABLE, GRANT, ENABLE ROW LEVEL SECURITY, CREATE POLICY","edu_sched_shift_templates, edu_sched_ratio_policies, edu_sched_staff_availability, edu_sched_shift_assignments, edu_sched_leave_requests, edu_sched_substitutions, edu_sched_compliance_snapshots","tenants, edu_sched_shift_templates, edu_sched_shift_assignments, edu_sched_leave_requests"
20260909000061_p82_nullable_exception_notice_id.sql,20260909000061,"p82_nullable_exception_notice_id",Education OS,"ALTER TABLE","edu_comm_exceptions",""
20260909000062_p9_facilities_asset_schema.sql,20260909000062,"p9_facilities_asset_schema",Education OS,"CREATE TABLE, CREATE INDEX, ALTER TABLE, ENABLE ROW LEVEL SECURITY, CREATE POLICY","edu_fac_facilities, edu_fac_zones, edu_fac_assets, edu_fac_inspection_schedules, edu_fac_inspection_logs, edu_fac_maintenance_jobs, edu_fac_out_of_service_logs","tenants, edu_fac_facilities, edu_fac_zones, edu_fac_assets, edu_fac_inspection_schedules"
20260909000063_p92_nullable_exception_guardian_id.sql,20260909000063,"p92_nullable_exception_guardian_id",Education OS,"ALTER TABLE","edu_comm_exceptions",""
20260909000064_p93_facilities_rls_grant.sql,20260909000064,"p93_facilities_rls_grant",Education OS,"UPDATE, GRANT, CREATE POLICY","",""
20260912000000_r3_education_identity_cutover.sql,20260912000000,"r3_education_identity_cutover",Education OS,"CREATE INDEX, ALTER TABLE, DROP INDEX, UPDATE","students","party_parties"
20260912100000_org_unit_hierarchy_rpcs.sql,20260912100000,"org_unit_hierarchy_rpcs",Real Estate,"GRANT","",""
20260912120000_add_branch_id_to_education_tables.sql,20260912120000,"add_branch_id_to_education_tables",Education OS,"CREATE INDEX, ALTER TABLE","enrollments, courses, classes, teachers","tenant, org_units, Platform"
20260914120000_create_english_center_timetable_rooms.sql,20260914120000,"create_english_center_timetable_rooms",Education OS,"CREATE TABLE, CREATE INDEX, ALTER TABLE, UPDATE, GRANT, REVOKE, ENABLE ROW LEVEL SECURITY, CREATE POLICY","english_center_rooms, english_center_class_sessions","tenants, org_units, english_center_classes, english_center_teachers, english_center_rooms"
20260914150000_create_english_center_learning_operations.sql,20260914150000,"create_english_center_learning_operations",Education OS,"CREATE TABLE, CREATE INDEX, ALTER TABLE, UPDATE, GRANT, REVOKE, ENABLE ROW LEVEL SECURITY, CREATE POLICY","english_center_session_attendance, english_center_learning_progress","tenants, org_units, english_center_class_sessions, english_center_enrollments, edu_enrollments"
20260914170000_create_english_center_tuition_billing.sql,20260914170000,"create_english_center_tuition_billing",Education OS,"CREATE TABLE, CREATE INDEX, ALTER TABLE, UPDATE, GRANT, REVOKE, ENABLE ROW LEVEL SECURITY, CREATE POLICY","english_center_tuition_plans, english_center_tuition_assignments, english_center_tuition_invoices, english_center_tuition_invoice_lines, english_center_tuition_payments, english_center_tuition_payment_allocations","tenants, org_units, english_center_programs, english_center_classes, english_center_tuition_plans, english_center_enrollments, english_center_tuition_assignments, english_center_tuition_invoices, english_center_tuition_payments"
20260914190000_create_english_center_engagement.sql,20260914190000,"create_english_center_engagement",Education OS,"CREATE TABLE, CREATE INDEX, ALTER TABLE, ENABLE ROW LEVEL SECURITY, CREATE POLICY","english_center_engagement_templates, english_center_engagement_messages, english_center_engagement_recipients, english_center_engagement_responses","tenants, org_units, english_center_engagement_templates, english_center_enrollments, english_center_engagement_messages, english_center_engagement_recipients"
20260916000000_beauty_os_h8_persistence.sql,20260916000000,"beauty_os_h8_persistence",Beauty OS,"CREATE TABLE, CREATE INDEX, ALTER TABLE, GRANT, ENABLE ROW LEVEL SECURITY, CREATE POLICY","beauty_appointments, beauty_sessions, beauty_professional_assignments, beauty_resource_allocations, beauty_professional_assignment_history, beauty_resource_allocation_history","tenants, customers, beauty_appointments, beauty_professional_assignments, beauty_resource_allocations"