file_path,route_path,file_role,owner,owner_type,status,primary_evidence,secondary_evidence,confidence,notes
"src\app\(auth)\layout.tsx","/(auth) (layout)","layout","Identity/Auth","Platform","KNOWN","Authentication boundary","Route group: (auth)","High","Platform identity/authentication"
"src\app\(auth)\login\page.backup.tsx","/login/page.backup.tsx","page","Identity/Auth","Platform","KNOWN","Authentication boundary","Route group: (auth)","High","Platform identity/authentication"
"src\app\(auth)\login\page.tsx","/login","page","Identity/Auth","Platform","KNOWN","Authentication boundary","Route group: (auth)","High","Platform identity/authentication"
"src\app\(auth)\signup\page.tsx","/signup","page","Identity/Auth","Platform","KNOWN","Authentication boundary","Route group: (auth)","High","Platform identity/authentication"
"src\app\(authenticated)\dashboard\automove\appointments\page.tsx","/dashboard/automove/appointments","page","AutoMove","Product","KNOWN","Product boundary: @/products/bella-automove","Route group: (authenticated)/dashboard/automove","High","AutoMove product"
"src\app\(authenticated)\dashboard\automove\invoices\page.tsx","/dashboard/automove/invoices","page","AutoMove","Product","KNOWN","Product boundary: @/products/bella-automove","Route group: (authenticated)/dashboard/automove","High","AutoMove product"
"src\app\(authenticated)\dashboard\automove\page.tsx","/dashboard/automove","page","AutoMove","Product","KNOWN","Product boundary: @/products/bella-automove","Route group: (authenticated)/dashboard/automove","High","AutoMove product"
"src\app\(authenticated)\dashboard\automove\repair-orders\page.tsx","/dashboard/automove/repair-orders","page","AutoMove","Product","KNOWN","Product boundary: @/products/bella-automove","Route group: (authenticated)/dashboard/automove","High","AutoMove product"
"src\app\(authenticated)\dashboard\automove\vehicles\page.tsx","/dashboard/automove/vehicles","page","AutoMove","Product","KNOWN","Product boundary: @/products/bella-automove","Route group: (authenticated)/dashboard/automove","High","AutoMove product"
"src\app\(authenticated)\dashboard\preschool\attendance\page.tsx","/dashboard/preschool/attendance","page","Preschool","Product","KNOWN","Product boundary: @/products/bella-preschool","Route group: (authenticated)/preschool","High","Preschool product"
"src\app\(authenticated)\dashboard\preschool\classrooms\page.tsx","/dashboard/preschool/classrooms","page","Preschool","Product","KNOWN","Product boundary: @/products/bella-preschool","Route group: (authenticated)/preschool","High","Preschool product"
"src\app\(authenticated)\dashboard\preschool\page.tsx","/dashboard/preschool","page","Preschool","Product","KNOWN","Product boundary: @/products/bella-preschool","Route group: (authenticated)/preschool","High","Preschool product"
"src\app\(authenticated)\dashboard\preschool\students\page.tsx","/dashboard/preschool/students","page","Preschool","Product","KNOWN","Product boundary: @/products/bella-preschool","Route group: (authenticated)/preschool","High","Preschool product"
"src\app\(authenticated)\preschool\attendance\history\page.tsx","/preschool/attendance/history","page","Preschool","Product","KNOWN","Product boundary: @/products/bella-preschool","Route group: (authenticated)/preschool","High","Preschool product"
"src\app\(authenticated)\preschool\attendance\page.tsx","/preschool/attendance","page","Preschool","Product","KNOWN","Product boundary: @/products/bella-preschool","Route group: (authenticated)/preschool","High","Preschool product"
"src\app\(authenticated)\preschool\classrooms\[id]\edit\page.tsx","/preschool/classrooms/[id]/edit","page","Preschool","Product","KNOWN","Product boundary: @/products/bella-preschool","Route group: (authenticated)/preschool","High","Preschool product"
"src\app\(authenticated)\preschool\classrooms\[id]\page.tsx","/preschool/classrooms/[id]","page","Preschool","Product","KNOWN","Product boundary: @/products/bella-preschool","Route group: (authenticated)/preschool","High","Preschool product"
"src\app\(authenticated)\preschool\classrooms\new\page.tsx","/preschool/classrooms/new","page","Preschool","Product","KNOWN","Product boundary: @/products/bella-preschool","Route group: (authenticated)/preschool","High","Preschool product"
"src\app\(authenticated)\preschool\classrooms\page.tsx","/preschool/classrooms","page","Preschool","Product","KNOWN","Product boundary: @/products/bella-preschool","Route group: (authenticated)/preschool","High","Preschool product"
"src\app\(authenticated)\preschool\enrollments\[id]\page.tsx","/preschool/enrollments/[id]","page","Preschool","Product","KNOWN","Product boundary: @/products/bella-preschool","Route group: (authenticated)/preschool","High","Preschool product"
"src\app\(authenticated)\preschool\enrollments\new\page.tsx","/preschool/enrollments/new","page","Preschool","Product","KNOWN","Product boundary: @/products/bella-preschool","Route group: (authenticated)/preschool","High","Preschool product"
"src\app\(authenticated)\preschool\enrollments\page.tsx","/preschool/enrollments","page","Preschool","Product","KNOWN","Product boundary: @/products/bella-preschool","Route group: (authenticated)/preschool","High","Preschool product"
"src\app\(authenticated)\preschool\layout.tsx","/preschool (layout)","layout","Preschool","Product","KNOWN","Product boundary: @/products/bella-preschool","Route group: (authenticated)/preschool","High","Preschool product"
"src\app\(authenticated)\preschool\page.tsx","/preschool","page","Preschool","Product","KNOWN","Product boundary: @/products/bella-preschool","Route group: (authenticated)/preschool","High","Preschool product"
"src\app\(authenticated)\preschool\students\[id]\edit\page.tsx","/preschool/students/[id]/edit","page","Preschool","Product","KNOWN","Product boundary: @/products/bella-preschool","Route group: (authenticated)/preschool","High","Preschool product"
"src\app\(authenticated)\preschool\students\[id]\not-found.tsx","/preschool/students/[id] (not-found)","not-found","Preschool","Product","KNOWN","Product boundary: @/products/bella-preschool","Route group: (authenticated)/preschool","High","Preschool product"
"src\app\(authenticated)\preschool\students\[id]\page.tsx","/preschool/students/[id]","page","Preschool","Product","KNOWN","Product boundary: @/products/bella-preschool","Route group: (authenticated)/preschool","High","Preschool product"
"src\app\(authenticated)\preschool\students\new\page.tsx","/preschool/students/new","page","Preschool","Product","KNOWN","Product boundary: @/products/bella-preschool","Route group: (authenticated)/preschool","High","Preschool product"
"src\app\(authenticated)\preschool\students\page.tsx","/preschool/students","page","Preschool","Product","KNOWN","Product boundary: @/products/bella-preschool","Route group: (authenticated)/preschool","High","Preschool product"
"src\app\admin\partner-applications\[id]\page.tsx","/admin/partner-applications/[id]","page","Admin","Platform","KNOWN","Platform administration","Admin pages","High","Platform admin UI"
"src\app\admin\partner-applications\page.tsx","/admin/partner-applications","page","Admin","Platform","KNOWN","Platform administration","Admin pages","High","Platform admin UI"
"src\app\api\admin\accounting\process-outbox\route.ts","/api/admin/accounting/process-outbox","route","Admin","Platform","KNOWN","Service layer: @/services/api-gateway/*","Platform administration","High","Platform admin/partner management"
"src\app\api\admin\booking-engine\metrics\route.ts","/api/admin/booking-engine/metrics","route","Admin","Platform","KNOWN","Service layer: @/services/api-gateway/*","Platform administration","High","Platform admin/partner management"
"src\app\api\admin\partner-applications\[id]\approve\route.ts","/api/admin/partner-applications/[id]/approve","route","Admin","Platform","KNOWN","Service layer: @/services/api-gateway/*","Platform administration","High","Platform admin/partner management"
"src\app\api\admin\partner-applications\[id]\reject\route.ts","/api/admin/partner-applications/[id]/reject","route","Admin","Platform","KNOWN","Service layer: @/services/api-gateway/*","Platform administration","High","Platform admin/partner management"
"src\app\api\admin\partner-applications\[id]\request-info\route.ts","/api/admin/partner-applications/[id]/request-info","route","Admin","Platform","KNOWN","Service layer: @/services/api-gateway/*","Platform administration","High","Platform admin/partner management"
"src\app\api\admin\partner-applications\batch\route.ts","/api/admin/partner-applications/batch","route","Admin","Platform","KNOWN","Service layer: @/services/api-gateway/*","Platform administration","High","Platform admin/partner management"
"src\app\api\admin\partner-applications\route.ts","/api/admin/partner-applications","route","Admin","Platform","KNOWN","Service layer: @/services/api-gateway/*","Platform administration","High","Platform admin/partner management"
"src\app\api\admin\partners\[id]\activity\export\route.ts","/api/admin/partners/[id]/activity/export","route","Admin","Platform","KNOWN","Service layer: @/services/api-gateway/*","Platform administration","High","Platform admin/partner management"
"src\app\api\admin\partners\[id]\activity\route.ts","/api/admin/partners/[id]/activity","route","Admin","Platform","KNOWN","Service layer: @/services/api-gateway/*","Platform administration","High","Platform admin/partner management"
"src\app\api\admin\partners\[id]\key-lifecycle\route.ts","/api/admin/partners/[id]/key-lifecycle","route","Admin","Platform","KNOWN","Service layer: @/services/api-gateway/*","Platform administration","High","Platform admin/partner management"
"src\app\api\admin\partners\[id]\logs\route.ts","/api/admin/partners/[id]/logs","route","Admin","Platform","KNOWN","Service layer: @/services/api-gateway/*","Platform administration","High","Platform admin/partner management"
"src\app\api\admin\partners\[id]\regenerate-key\route.ts","/api/admin/partners/[id]/regenerate-key","route","Admin","Platform","KNOWN","Service layer: @/services/api-gateway/*","Platform administration","High","Platform admin/partner management"
"src\app\api\admin\partners\[id]\rotate-key-scheduled\route.ts","/api/admin/partners/[id]/rotate-key-scheduled","route","Admin","Platform","KNOWN","Service layer: @/services/api-gateway/*","Platform administration","High","Platform admin/partner management"
"src\app\api\admin\partners\[id]\rotation-policy\route.ts","/api/admin/partners/[id]/rotation-policy","route","Admin","Platform","KNOWN","Service layer: @/services/api-gateway/*","Platform administration","High","Platform admin/partner management"
"src\app\api\admin\partners\[id]\route.ts","/api/admin/partners/[id]","route","Admin","Platform","KNOWN","Service layer: @/services/api-gateway/*","Platform administration","High","Platform admin/partner management"
"src\app\api\admin\partners\[id]\scopes\route.ts","/api/admin/partners/[id]/scopes","route","Admin","Platform","KNOWN","Service layer: @/services/api-gateway/*","Platform administration","High","Platform admin/partner management"
"src\app\api\admin\partners\[id]\sla-alerts\route.ts","/api/admin/partners/[id]/sla-alerts","route","Admin","Platform","KNOWN","Service layer: @/services/api-gateway/*","Platform administration","High","Platform admin/partner management"
"src\app\api\admin\partners\[id]\sla-config\route.ts","/api/admin/partners/[id]/sla-config","route","Admin","Platform","KNOWN","Service layer: @/services/api-gateway/*","Platform administration","High","Platform admin/partner management"
"src\app\api\admin\partners\[id]\sla-metrics\route.ts","/api/admin/partners/[id]/sla-metrics","route","Admin","Platform","KNOWN","Service layer: @/services/api-gateway/*","Platform administration","High","Platform admin/partner management"
"src\app\api\admin\partners\[id]\test-webhook\route.ts","/api/admin/partners/[id]/test-webhook","route","Admin","Platform","KNOWN","Service layer: @/services/api-gateway/*","Platform administration","High","Platform admin/partner management"
"src\app\api\admin\partners\[id]\usage\route.ts","/api/admin/partners/[id]/usage","route","Admin","Platform","KNOWN","Service layer: @/services/api-gateway/*","Platform administration","High","Platform admin/partner management"
"src\app\api\admin\partners\[id]\webhook-logs\[logId]\retry\route.ts","/api/admin/partners/[id]/webhook-logs/[logId]/retry","route","Admin","Platform","KNOWN","Service layer: @/services/api-gateway/*","Platform administration","High","Platform admin/partner management"
"src\app\api\admin\partners\[id]\webhook-logs\batch-retry\route.ts","/api/admin/partners/[id]/webhook-logs/batch-retry","route","Admin","Platform","KNOWN","Service layer: @/services/api-gateway/*","Platform administration","High","Platform admin/partner management"
"src\app\api\admin\partners\[id]\webhook-logs\route.ts","/api/admin/partners/[id]/webhook-logs","route","Admin","Platform","KNOWN","Service layer: @/services/api-gateway/*","Platform administration","High","Platform admin/partner management"
"src\app\api\admin\partners\[id]\webhook-retry-config\route.ts","/api/admin/partners/[id]/webhook-retry-config","route","Admin","Platform","KNOWN","Service layer: @/services/api-gateway/*","Platform administration","High","Platform admin/partner management"
"src\app\api\admin\partners\analytics\route.ts","/api/admin/partners/analytics","route","Admin","Platform","KNOWN","Service layer: @/services/api-gateway/*","Platform administration","High","Platform admin/partner management"
"src\app\api\admin\partners\logs\route.ts","/api/admin/partners/logs","route","Admin","Platform","KNOWN","Service layer: @/services/api-gateway/*","Platform administration","High","Platform admin/partner management"
"src\app\api\admin\partners\route.ts","/api/admin/partners","route","Admin","Platform","KNOWN","Service layer: @/services/api-gateway/*","Platform administration","High","Platform admin/partner management"
"src\app\api\admin\partners\stats\route.ts","/api/admin/partners/stats","route","Admin","Platform","KNOWN","Service layer: @/services/api-gateway/*","Platform administration","High","Platform admin/partner management"
"src\app\api\admin\sandbox\reset\route.ts","/api/admin/sandbox/reset","route","Admin","Platform","KNOWN","Service layer: @/services/api-gateway/*","Platform administration","High","Platform admin/partner management"
"src\app\api\admin\sandbox\status\route.ts","/api/admin/sandbox/status","route","Admin","Platform","KNOWN","Service layer: @/services/api-gateway/*","Platform administration","High","Platform admin/partner management"
"src\app\api\admin\tenant\convert-to-franchise\route.ts","/api/admin/tenant/convert-to-franchise","route","Admin","Platform","KNOWN","Service layer: @/services/api-gateway/*","Platform administration","High","Platform admin/partner management"
"src\app\api\auth\login-static\route.ts","/api/auth/login-static","route","Platform Core","Platform","KNOWN","Platform API","API route","High","Platform core API"
"src\app\api\bella-auto\bookings\[id]\confirm-deposit\route.ts","/api/bella-auto/bookings/[id]/confirm-deposit","route","AutoMove","Product","KNOWN","API boundary: /api/bella-auto","AutoMove product APIs","High","AutoMove product API routes"
"src\app\api\bella-auto\bookings\route.ts","/api/bella-auto/bookings","route","AutoMove","Product","KNOWN","API boundary: /api/bella-auto","AutoMove product APIs","High","AutoMove product API routes"
"src\app\api\bella-auto\customers\search\route.ts","/api/bella-auto/customers/search","route","AutoMove","Product","KNOWN","API boundary: /api/bella-auto","AutoMove product APIs","High","AutoMove product API routes"
"src\app\api\bella-auto\marketplace\capabilities\route.ts","/api/bella-auto/marketplace/capabilities","route","AutoMove","Product","KNOWN","API boundary: /api/bella-auto","AutoMove product APIs","High","AutoMove product API routes"
"src\app\api\bella-auto\marketplace\install\route.ts","/api/bella-auto/marketplace/install","route","AutoMove","Product","KNOWN","API boundary: /api/bella-auto","AutoMove product APIs","High","AutoMove product API routes"
"src\app\api\bella-auto\marketplace\uninstall\route.ts","/api/bella-auto/marketplace/uninstall","route","AutoMove","Product","KNOWN","API boundary: /api/bella-auto","AutoMove product APIs","High","AutoMove product API routes"
"src\app\api\bella-auto\rollback-audit\route.ts","/api/bella-auto/rollback-audit","route","AutoMove","Product","KNOWN","API boundary: /api/bella-auto","AutoMove product APIs","High","AutoMove product API routes"
"src\app\api\bella-auto\rules\[id]\route.ts","/api/bella-auto/rules/[id]","route","AutoMove","Product","KNOWN","API boundary: /api/bella-auto","AutoMove product APIs","High","AutoMove product API routes"
"src\app\api\bella-auto\rules\analytics\route.ts","/api/bella-auto/rules/analytics","route","AutoMove","Product","KNOWN","API boundary: /api/bella-auto","AutoMove product APIs","High","AutoMove product API routes"
"src\app\api\bella-auto\rules\route.ts","/api/bella-auto/rules","route","AutoMove","Product","KNOWN","API boundary: /api/bella-auto","AutoMove product APIs","High","AutoMove product API routes"
"src\app\api\bella-auto\transactions\[id]\rollback\route.ts","/api/bella-auto/transactions/[id]/rollback","route","AutoMove","Product","KNOWN","API boundary: /api/bella-auto","AutoMove product APIs","High","AutoMove product API routes"
"src\app\api\bella-auto\transactions\[id]\route.ts","/api/bella-auto/transactions/[id]","route","AutoMove","Product","KNOWN","API boundary: /api/bella-auto","AutoMove product APIs","High","AutoMove product API routes"
"src\app\api\bella-auto\transactions\route.ts","/api/bella-auto/transactions","route","AutoMove","Product","KNOWN","API boundary: /api/bella-auto","AutoMove product APIs","High","AutoMove product API routes"
"src\app\api\bella-auto\vehicles\available\route.ts","/api/bella-auto/vehicles/available","route","AutoMove","Product","KNOWN","API boundary: /api/bella-auto","AutoMove product APIs","High","AutoMove product API routes"
"src\app\api\bella-auto\vehicles\brands\route.ts","/api/bella-auto/vehicles/brands","route","AutoMove","Product","KNOWN","API boundary: /api/bella-auto","AutoMove product APIs","High","AutoMove product API routes"
"src\app\api\bella-auto\vehicles\models\route.ts","/api/bella-auto/vehicles/models","route","AutoMove","Product","KNOWN","API boundary: /api/bella-auto","AutoMove product APIs","High","AutoMove product API routes"
"src\app\api\bella-auto\vehicles\variants\route.ts","/api/bella-auto/vehicles/variants","route","AutoMove","Product","KNOWN","API boundary: /api/bella-auto","AutoMove product APIs","High","AutoMove product API routes"
"src\app\api\bookings\check-ktv-availability\route.ts","/api/bookings/check-ktv-availability","route","Booking Engine","Platform","KNOWN","Cross-product booking","Booking pages/APIs","High","Platform booking engine"
"src\app\api\bookings\delete\route.ts","/api/bookings/delete","route","Booking Engine","Platform","KNOWN","Cross-product booking","Booking pages/APIs","High","Platform booking engine"
"src\app\api\cron\accounting-worker\route.ts","/api/cron/accounting-worker","route","Platform Core","Platform","KNOWN","Background jobs","Cron endpoints","High","Platform background jobs"
"src\app\api\cron\ai-autopilot\route.ts","/api/cron/ai-autopilot","route","Platform Core","Platform","KNOWN","Background jobs","Cron endpoints","High","Platform background jobs"
"src\app\api\cron\gate3-monitor\route.ts","/api/cron/gate3-monitor","route","Platform Core","Platform","KNOWN","Background jobs","Cron endpoints","High","Platform background jobs"
"src\app\api\cron\monitor-replica\route.ts","/api/cron/monitor-replica","route","Platform Core","Platform","KNOWN","Background jobs","Cron endpoints","High","Platform background jobs"
"src\app\api\cron\sync-external-ads\route.ts","/api/cron/sync-external-ads","route","Platform Core","Platform","KNOWN","Background jobs","Cron endpoints","High","Platform background jobs"
"src\app\api\cron\zalo-reminders\route.ts","/api/cron/zalo-reminders","route","Platform Core","Platform","KNOWN","Background jobs","Cron endpoints","High","Platform background jobs"
"src\app\api\customers\route.ts","/api/customers","route","Customer Management","Platform","KNOWN","Cross-product customer management","Customer/CRM pages","High","Platform customer management"
"src\app\api\debug-redis\route.ts","/api/debug-redis","route","Test/Debug","Platform","KNOWN","Test/debug endpoints","Development utilities","High","Platform test/debug utilities"
"src\app\api\decision-engine\audit\[id]\route.ts","/api/decision-engine/audit/[id]","route","Decision Engine","Platform","KNOWN","Platform decision engine","Audit/trace endpoints","High","Platform decision engine"
"src\app\api\decision-engine\audit\route.ts","/api/decision-engine/audit","route","Decision Engine","Platform","KNOWN","Platform decision engine","Audit/trace endpoints","High","Platform decision engine"
"src\app\api\finance\v1\events\route.ts","/api/finance/v1/events","route","Finance Core","Platform","KNOWN","Platform finance events","Finance API","High","Platform finance core"
"src\app\api\gate3\metrics\route.ts","/api/gate3/metrics","route","Platform Core","Platform","KNOWN","Platform monitoring","Health/metrics endpoints","High","Platform core monitoring"
"src\app\api\health\replica\route.ts","/api/health/replica","route","Platform Core","Platform","KNOWN","Platform monitoring","Health/metrics endpoints","High","Platform core monitoring"
"src\app\api\health\route.ts","/api/health","route","Platform Core","Platform","KNOWN","Platform monitoring","Health/metrics endpoints","High","Platform core monitoring"
"src\app\api\intelligence\admin\clear-cache\route.ts","/api/intelligence/admin/clear-cache","route","Intelligence","Platform","KNOWN","Service layer: @/services/intelligence/*","Cross-product analytics","High","Platform intelligence/analytics layer"
"src\app\api\intelligence\customer\churn-risk\route.ts","/api/intelligence/customer/churn-risk","route","Intelligence","Platform","KNOWN","Service layer: @/services/intelligence/*","Cross-product analytics","High","Platform intelligence/analytics layer"
"src\app\api\intelligence\customer\cohort-analysis\route.ts","/api/intelligence/customer/cohort-analysis","route","Intelligence","Platform","KNOWN","Service layer: @/services/intelligence/*","Cross-product analytics","High","Platform intelligence/analytics layer"
"src\app\api\intelligence\customer\ltv\route.ts","/api/intelligence/customer/ltv","route","Intelligence","Platform","KNOWN","Service layer: @/services/intelligence/*","Cross-product analytics","High","Platform intelligence/analytics layer"
"src\app\api\intelligence\customer\rfm-analysis\route.ts","/api/intelligence/customer/rfm-analysis","route","Intelligence","Platform","KNOWN","Service layer: @/services/intelligence/*","Cross-product analytics","High","Platform intelligence/analytics layer"
"src\app\api\intelligence\customer\segmentation\route.ts","/api/intelligence/customer/segmentation","route","Intelligence","Platform","KNOWN","Service layer: @/services/intelligence/*","Cross-product analytics","High","Platform intelligence/analytics layer"
"src\app\api\intelligence\executive\customer-metrics\route.ts","/api/intelligence/executive/customer-metrics","route","Intelligence","Platform","KNOWN","Service layer: @/services/intelligence/*","Cross-product analytics","High","Platform intelligence/analytics layer"
"src\app\api\intelligence\executive\financial-health\route.ts","/api/intelligence/executive/financial-health","route","Intelligence","Platform","KNOWN","Service layer: @/services/intelligence/*","Cross-product analytics","High","Platform intelligence/analytics layer"
"src\app\api\intelligence\executive\growth-indicators\route.ts","/api/intelligence/executive/growth-indicators","route","Intelligence","Platform","KNOWN","Service layer: @/services/intelligence/*","Cross-product analytics","High","Platform intelligence/analytics layer"
"src\app\api\intelligence\executive\monthly-revenue-summary\route.ts","/api/intelligence/executive/monthly-revenue-summary","route","Intelligence","Platform","KNOWN","Service layer: @/services/intelligence/*","Cross-product analytics","High","Platform intelligence/analytics layer"
"src\app\api\intelligence\executive\operational-efficiency\route.ts","/api/intelligence/executive/operational-efficiency","route","Intelligence","Platform","KNOWN","Service layer: @/services/intelligence/*","Cross-product analytics","High","Platform intelligence/analytics layer"
"src\app\api\intelligence\finance\budget-variance\route.ts","/api/intelligence/finance/budget-variance","route","Intelligence","Platform","KNOWN","Service layer: @/services/intelligence/*","Cross-product analytics","High","Platform intelligence/analytics layer"
"src\app\api\intelligence\finance\cash-flow-analysis\route.ts","/api/intelligence/finance/cash-flow-analysis","route","Intelligence","Platform","KNOWN","Service layer: @/services/intelligence/*","Cross-product analytics","High","Platform intelligence/analytics layer"
"src\app\api\intelligence\finance\cash-flow-forecast\route.ts","/api/intelligence/finance/cash-flow-forecast","route","Intelligence","Platform","KNOWN","Service layer: @/services/intelligence/*","Cross-product analytics","High","Platform intelligence/analytics layer"
"src\app\api\intelligence\finance\expense-breakdown\route.ts","/api/intelligence/finance/expense-breakdown","route","Intelligence","Platform","KNOWN","Service layer: @/services/intelligence/*","Cross-product analytics","High","Platform intelligence/analytics layer"
"src\app\api\intelligence\finance\financial-ratios\route.ts","/api/intelligence/finance/financial-ratios","route","Intelligence","Platform","KNOWN","Service layer: @/services/intelligence/*","Cross-product analytics","High","Platform intelligence/analytics layer"
"src\app\api\intelligence\finance\monthly-pnl\route.ts","/api/intelligence/finance/monthly-pnl","route","Intelligence","Platform","KNOWN","Service layer: @/services/intelligence/*","Cross-product analytics","High","Platform intelligence/analytics layer"
"src\app\api\intelligence\finance\profitability-trends\route.ts","/api/intelligence/finance/profitability-trends","route","Intelligence","Platform","KNOWN","Service layer: @/services/intelligence/*","Cross-product analytics","High","Platform intelligence/analytics layer"
"src\app\api\intelligence\finance\revenue-breakdown\route.ts","/api/intelligence/finance/revenue-breakdown","route","Intelligence","Platform","KNOWN","Service layer: @/services/intelligence/*","Cross-product analytics","High","Platform intelligence/analytics layer"
"src\app\api\intelligence\forecast\accuracy\route.ts","/api/intelligence/forecast/accuracy","route","Intelligence","Platform","KNOWN","Service layer: @/services/intelligence/*","Cross-product analytics","High","Platform intelligence/analytics layer"
"src\app\api\intelligence\forecast\all\route.ts","/api/intelligence/forecast/all","route","Intelligence","Platform","KNOWN","Service layer: @/services/intelligence/*","Cross-product analytics","High","Platform intelligence/analytics layer"
"src\app\api\intelligence\forecast\churn\route.ts","/api/intelligence/forecast/churn","route","Intelligence","Platform","KNOWN","Service layer: @/services/intelligence/*","Cross-product analytics","High","Platform intelligence/analytics layer"
"src\app\api\intelligence\forecast\demand\route.ts","/api/intelligence/forecast/demand","route","Intelligence","Platform","KNOWN","Service layer: @/services/intelligence/*","Cross-product analytics","High","Platform intelligence/analytics layer"
"src\app\api\intelligence\forecast\revenue\route.ts","/api/intelligence/forecast/revenue","route","Intelligence","Platform","KNOWN","Service layer: @/services/intelligence/*","Cross-product analytics","High","Platform intelligence/analytics layer"
"src\app\api\intelligence\hr\attendance-report\route.ts","/api/intelligence/hr/attendance-report","route","Intelligence","Platform","KNOWN","Service layer: @/services/intelligence/*","Cross-product analytics","High","Platform intelligence/analytics layer"
"src\app\api\intelligence\hr\employee-performance\route.ts","/api/intelligence/hr/employee-performance","route","Intelligence","Platform","KNOWN","Service layer: @/services/intelligence/*","Cross-product analytics","High","Platform intelligence/analytics layer"
"src\app\api\intelligence\hr\payroll-summary\route.ts","/api/intelligence/hr/payroll-summary","route","Intelligence","Platform","KNOWN","Service layer: @/services/intelligence/*","Cross-product analytics","High","Platform intelligence/analytics layer"
"src\app\api\intelligence\hr\productivity-trends\route.ts","/api/intelligence/hr/productivity-trends","route","Intelligence","Platform","KNOWN","Service layer: @/services/intelligence/*","Cross-product analytics","High","Platform intelligence/analytics layer"
"src\app\api\intelligence\hr\recruitment-metrics\route.ts","/api/intelligence/hr/recruitment-metrics","route","Intelligence","Platform","KNOWN","Service layer: @/services/intelligence/*","Cross-product analytics","High","Platform intelligence/analytics layer"
"src\app\api\intelligence\hr\retention-analysis\route.ts","/api/intelligence/hr/retention-analysis","route","Intelligence","Platform","KNOWN","Service layer: @/services/intelligence/*","Cross-product analytics","High","Platform intelligence/analytics layer"
"src\app\api\intelligence\hr\training-metrics\route.ts","/api/intelligence/hr/training-metrics","route","Intelligence","Platform","KNOWN","Service layer: @/services/intelligence/*","Cross-product analytics","High","Platform intelligence/analytics layer"
"src\app\api\intelligence\hr\workforce-analytics\route.ts","/api/intelligence/hr/workforce-analytics","route","Intelligence","Platform","KNOWN","Service layer: @/services/intelligence/*","Cross-product analytics","High","Platform intelligence/analytics layer"
"src\app\api\intelligence\marketing\ad-spend-summary\route.ts","/api/intelligence/marketing/ad-spend-summary","route","Intelligence","Platform","KNOWN","Service layer: @/services/intelligence/*","Cross-product analytics","High","Platform intelligence/analytics layer"
"src\app\api\intelligence\marketing\campaign-analytics\route.ts","/api/intelligence/marketing/campaign-analytics","route","Intelligence","Platform","KNOWN","Service layer: @/services/intelligence/*","Cross-product analytics","High","Platform intelligence/analytics layer"
"src\app\api\intelligence\marketing\channel-performance\route.ts","/api/intelligence/marketing/channel-performance","route","Intelligence","Platform","KNOWN","Service layer: @/services/intelligence/*","Cross-product analytics","High","Platform intelligence/analytics layer"
"src\app\api\intelligence\marketing\roi-report\route.ts","/api/intelligence/marketing/roi-report","route","Intelligence","Platform","KNOWN","Service layer: @/services/intelligence/*","Cross-product analytics","High","Platform intelligence/analytics layer"
"src\app\api\intelligence\marketing\top-performing-ads\route.ts","/api/intelligence/marketing/top-performing-ads","route","Intelligence","Platform","KNOWN","Service layer: @/services/intelligence/*","Cross-product analytics","High","Platform intelligence/analytics layer"
"src\app\api\intelligence\operational\capacity-utilization\route.ts","/api/intelligence/operational/capacity-utilization","route","Intelligence","Platform","KNOWN","Service layer: @/services/intelligence/*","Cross-product analytics","High","Platform intelligence/analytics layer"
"src\app\api\intelligence\operational\inventory-forecast\route.ts","/api/intelligence/operational/inventory-forecast","route","Intelligence","Platform","KNOWN","Service layer: @/services/intelligence/*","Cross-product analytics","High","Platform intelligence/analytics layer"
"src\app\api\intelligence\operational\inventory-status\route.ts","/api/intelligence/operational/inventory-status","route","Intelligence","Platform","KNOWN","Service layer: @/services/intelligence/*","Cross-product analytics","High","Platform intelligence/analytics layer"
"src\app\api\intelligence\operational\ktv-leaderboard\route.ts","/api/intelligence/operational/ktv-leaderboard","route","Intelligence","Platform","KNOWN","Service layer: @/services/intelligence/*","Cross-product analytics","High","Platform intelligence/analytics layer"
"src\app\api\intelligence\operational\ktv-performance\route.ts","/api/intelligence/operational/ktv-performance","route","Intelligence","Platform","KNOWN","Service layer: @/services/intelligence/*","Cross-product analytics","High","Platform intelligence/analytics layer"
"src\app\api\intelligence\operational\session-analytics\route.ts","/api/intelligence/operational/session-analytics","route","Intelligence","Platform","KNOWN","Service layer: @/services/intelligence/*","Cross-product analytics","High","Platform intelligence/analytics layer"
"src\app\api\intelligence\recommendation\package\route.ts","/api/intelligence/recommendation/package","route","Intelligence","Platform","KNOWN","Service layer: @/services/intelligence/*","Cross-product analytics","High","Platform intelligence/analytics layer"
"src\app\api\intelligence\recommendation\service\route.ts","/api/intelligence/recommendation/service","route","Intelligence","Platform","KNOWN","Service layer: @/services/intelligence/*","Cross-product analytics","High","Platform intelligence/analytics layer"
"src\app\api\intelligence\recommendation\upsell\route.ts","/api/intelligence/recommendation/upsell","route","Intelligence","Platform","KNOWN","Service layer: @/services/intelligence/*","Cross-product analytics","High","Platform intelligence/analytics layer"
"src\app\api\inventory\forecast\route.ts","/api/inventory/forecast","route","Inventory","Platform","KNOWN","Cross-product inventory","Inventory management","High","Platform inventory management"
"src\app\api\metrics\route.ts","/api/metrics","route","Platform Core","Platform","KNOWN","Platform monitoring","Health/metrics endpoints","High","Platform core monitoring"
"src\app\api\packages\route.ts","/api/packages","route","Platform Core","Platform","KNOWN","Platform API","API route","High","Platform core API"
"src\app\api\partner\activate\route.ts","/api/partner/activate","route","Partner Management","Platform","KNOWN","Service layer: @/services/partner-*","Layout: /partner","High","Platform partner management"
"src\app\api\partner\activate\validate\route.ts","/api/partner/activate/validate","route","Partner Management","Platform","KNOWN","Service layer: @/services/partner-*","Layout: /partner","High","Platform partner management"
"src\app\api\partner\documents\[applicationId]\route.ts","/api/partner/documents/[applicationId]","route","Partner Management","Platform","KNOWN","Service layer: @/services/partner-*","Layout: /partner","High","Platform partner management"
"src\app\api\partner\documents\upload\route.ts","/api/partner/documents/upload","route","Partner Management","Platform","KNOWN","Service layer: @/services/partner-*","Layout: /partner","High","Platform partner management"
"src\app\api\partner\leads\[id]\route.ts","/api/partner/leads/[id]","route","Partner Management","Platform","KNOWN","Service layer: @/services/partner-*","Layout: /partner","High","Platform partner management"
"src\app\api\partner\leads\route.ts","/api/partner/leads","route","Partner Management","Platform","KNOWN","Service layer: @/services/partner-*","Layout: /partner","High","Platform partner management"
"src\app\api\partner\register\route.ts","/api/partner/register","route","Partner Management","Platform","KNOWN","Service layer: @/services/partner-*","Layout: /partner","High","Platform partner management"
"src\app\api\partner\verify\route.ts","/api/partner/verify","route","Partner Management","Platform","KNOWN","Service layer: @/services/partner-*","Layout: /partner","High","Platform partner management"
"src\app\api\payroll\employees\[employeeId]\detail\route.ts","/api/payroll/employees/[employeeId]/detail","route","HR/Payroll","Platform","KNOWN","Cross-product HR/Payroll","HR dashboard","High","Platform HR/payroll management"
"src\app\api\rule-management\rules\[ruleId]\route.ts","/api/rule-management/rules/[ruleId]","route","UNKNOWN","UNKNOWN","UNKNOWN","Insufficient evidence","","Low","No product imports traced; could be Platform Decision Engine or cross-product"
"src\app\api\rule-management\rules\route.ts","/api/rule-management/rules","route","UNKNOWN","UNKNOWN","UNKNOWN","Insufficient evidence","","Low","No product imports traced; could be Platform Decision Engine or cross-product"
"src\app\api\rule-management\simulate\route.ts","/api/rule-management/simulate","route","UNKNOWN","UNKNOWN","UNKNOWN","Insufficient evidence","","Low","No product imports traced; could be Platform Decision Engine or cross-product"
"src\app\api\rule-management\simulations\route.ts","/api/rule-management/simulations","route","UNKNOWN","UNKNOWN","UNKNOWN","Insufficient evidence","","Low","No product imports traced; could be Platform Decision Engine or cross-product"
"src\app\api\rule-management\workflows\[workflowId]\route.ts","/api/rule-management/workflows/[workflowId]","route","Workflows","Platform","KNOWN","Platform workflow engine","Workflow execution","High","Platform workflow engine"
"src\app\api\rule-management\workflows\route.ts","/api/rule-management/workflows","route","Workflows","Platform","KNOWN","Platform workflow engine","Workflow execution","High","Platform workflow engine"
"src\app\api\rules\[ruleId]\rollback\route.ts","/api/rules/[ruleId]/rollback","route","UNKNOWN","UNKNOWN","UNKNOWN","Insufficient evidence","","Low","No product imports traced; could be Platform Decision Engine or cross-product"
"src\app\api\rules\[ruleId]\route.ts","/api/rules/[ruleId]","route","UNKNOWN","UNKNOWN","UNKNOWN","Insufficient evidence","","Low","No product imports traced; could be Platform Decision Engine or cross-product"
"src\app\api\rules\[ruleId]\test\route.ts","/api/rules/[ruleId]/test","route","UNKNOWN","UNKNOWN","UNKNOWN","Insufficient evidence","","Low","No product imports traced; could be Platform Decision Engine or cross-product"
"src\app\api\rules\[ruleId]\versions\route.ts","/api/rules/[ruleId]/versions","route","UNKNOWN","UNKNOWN","UNKNOWN","Insufficient evidence","","Low","No product imports traced; could be Platform Decision Engine or cross-product"
"src\app\api\rules\approvals\route.ts","/api/rules/approvals","route","UNKNOWN","UNKNOWN","UNKNOWN","Insufficient evidence","","Low","No product imports traced; could be Platform Decision Engine or cross-product"
"src\app\api\rules\route.ts","/api/rules","route","UNKNOWN","UNKNOWN","UNKNOWN","Insufficient evidence","","Low","No product imports traced; could be Platform Decision Engine or cross-product"
"src\app\api\tenant\context\route.ts","/api/tenant/context","route","Platform Core","Platform","KNOWN","Platform API","API route","High","Platform core API"
"src\app\api\test-upcoming\route.ts","/api/test-upcoming","route","Platform Core","Platform","KNOWN","Platform API","API route","High","Platform core API"
"src\app\api\test\auth-perf\auth-only\route.ts","/api/test/auth-perf/auth-only","route","Test/Debug","Platform","KNOWN","Test/debug endpoints","Development utilities","High","Platform test/debug utilities"
"src\app\api\test\auth-perf\auth-query\route.ts","/api/test/auth-perf/auth-query","route","Test/Debug","Platform","KNOWN","Test/debug endpoints","Development utilities","High","Platform test/debug utilities"
"src\app\api\test\recalculate-salary\route.ts","/api/test/recalculate-salary","route","Test/Debug","Platform","KNOWN","Test/debug endpoints","Development utilities","High","Platform test/debug utilities"
"src\app\api\tts\route.ts","/api/tts","route","Platform Core","Platform","KNOWN","Platform API","API route","High","Platform core API"
"src\app\api\users\route.ts","/api/users","route","Platform Core","Platform","KNOWN","Platform API","API route","High","Platform core API"
"src\app\api\v1\ai\action-approval\route.ts","/api/v1/ai/action-approval","route","Platform Core","Platform","KNOWN","Platform API","API route","High","Platform core API"
"src\app\api\v1\ai\coo-orchestrator\route.ts","/api/v1/ai/coo-orchestrator","route","Platform Core","Platform","KNOWN","Platform API","API route","High","Platform core API"
"src\app\api\v1\ai\telegram-webhook\route.ts","/api/v1/ai/telegram-webhook","route","Platform Core","Platform","KNOWN","Platform API","API route","High","Platform core API"
"src\app\api\v1\analytics\route.ts","/api/v1/analytics","route","Platform Core","Platform","KNOWN","Platform monitoring/analytics","Platform pages","High","Platform core utilities"
"src\app\api\v1\orders\route.ts","/api/v1/orders","route","Platform Core","Platform","KNOWN","Platform API","API route","High","Platform core API"
"src\app\api\v1\overview\route.ts","/api/v1/overview","route","Platform Core","Platform","KNOWN","Platform API","API route","High","Platform core API"
"src\app\api\waitlist\[entryId]\convert\route.ts","/api/waitlist/[entryId]/convert","route","Waitlist","Platform","KNOWN","Cross-product waitlist","Waitlist management","High","Platform waitlist management"
"src\app\api\waitlist\[entryId]\notifications\route.ts","/api/waitlist/[entryId]/notifications","route","Waitlist","Platform","KNOWN","Cross-product waitlist","Waitlist management","High","Platform waitlist management"
"src\app\api\waitlist\[entryId]\route.ts","/api/waitlist/[entryId]","route","Waitlist","Platform","KNOWN","Cross-product waitlist","Waitlist management","High","Platform waitlist management"
"src\app\api\waitlist\expire\route.ts","/api/waitlist/expire","route","Waitlist","Platform","KNOWN","Cross-product waitlist","Waitlist management","High","Platform waitlist management"
"src\app\api\waitlist\process-slot\route.ts","/api/waitlist/process-slot","route","Waitlist","Platform","KNOWN","Cross-product waitlist","Waitlist management","High","Platform waitlist management"
"src\app\api\waitlist\recalculate-positions\route.ts","/api/waitlist/recalculate-positions","route","Waitlist","Platform","KNOWN","Cross-product waitlist","Waitlist management","High","Platform waitlist management"
"src\app\api\waitlist\route.ts","/api/waitlist","route","Waitlist","Platform","KNOWN","Cross-product waitlist","Waitlist management","High","Platform waitlist management"
"src\app\api\waitlist\stats\route.ts","/api/waitlist/stats","route","Waitlist","Platform","KNOWN","Cross-product waitlist","Waitlist management","High","Platform waitlist management"
"src\app\api\webhooks\payment\route.ts","/api/webhooks/payment","route","Platform Core","Platform","KNOWN","Platform API","API route","High","Platform core API"
"src\app\api\workflows\[executionId]\route.ts","/api/workflows/[executionId]","route","Workflows","Platform","KNOWN","Platform workflow engine","Workflow execution","High","Platform workflow engine"
"src\app\api\workflows\execute\route.ts","/api/workflows/execute","route","Workflows","Platform","KNOWN","Platform workflow engine","Workflow execution","High","Platform workflow engine"
"src\app\api\workflows\route.ts","/api/workflows","route","Workflows","Platform","KNOWN","Platform workflow engine","Workflow execution","High","Platform workflow engine"
"src\app\beauty-spa\layout.tsx","/beauty-spa (layout)","layout","UNKNOWN","UNKNOWN","UNKNOWN","Insufficient evidence","","Low","No product imports traced; potential landing pages"
"src\app\beauty-spa\page.tsx","/beauty-spa","page","UNKNOWN","UNKNOWN","UNKNOWN","Insufficient evidence","","Low","No product imports traced; potential landing pages"
"src\app\bella-auto\rollback-demo\page.tsx","/bella-auto/rollback-demo","page","UNKNOWN","UNKNOWN","UNKNOWN","Insufficient evidence","","Low","Conflicts with /automove; unclear relationship"
"src\app\bellaspa\page.tsx","/bellaspa","page","UNKNOWN","UNKNOWN","UNKNOWN","Insufficient evidence","","Low","No product imports traced; potential landing pages"
"src\app\book\page.tsx","/book","page","UNKNOWN","UNKNOWN","UNKNOWN","Insufficient evidence","","Low","No product imports traced; potential landing pages"
"src\app\dashboard\accounting\chart-of-accounts\page.tsx","/dashboard/accounting/chart-of-accounts","page","Platform Finance / Cross-Product","AMBIGUOUS","AMBIGUOUS","No product-specific imports; shared finance services","Dashboard general context","Medium","Ambiguous: Platform Finance Core vs product-specific"
"src\app\dashboard\accounting\error.tsx","/dashboard/accounting (error)","error","Platform Finance / Cross-Product","AMBIGUOUS","AMBIGUOUS","No product-specific imports; shared finance services","Dashboard general context","Medium","Ambiguous: Platform Finance Core vs product-specific"
"src\app\dashboard\accounting\health\page.tsx","/dashboard/accounting/health","page","Platform Finance / Cross-Product","AMBIGUOUS","AMBIGUOUS","No product-specific imports; shared finance services","Dashboard general context","Medium","Ambiguous: Platform Finance Core vs product-specific"
"src\app\dashboard\accounting\journals\[entryId]\page.tsx","/dashboard/accounting/journals/[entryId]","page","Platform Finance / Cross-Product","AMBIGUOUS","AMBIGUOUS","No product-specific imports; shared finance services","Dashboard general context","Medium","Ambiguous: Platform Finance Core vs product-specific"
"src\app\dashboard\accounting\journals\page.tsx","/dashboard/accounting/journals","page","Platform Finance / Cross-Product","AMBIGUOUS","AMBIGUOUS","No product-specific imports; shared finance services","Dashboard general context","Medium","Ambiguous: Platform Finance Core vs product-specific"
"src\app\dashboard\accounting\layout.tsx","/dashboard/accounting (layout)","layout","Platform Finance / Cross-Product","AMBIGUOUS","AMBIGUOUS","No product-specific imports; shared finance services","Dashboard general context","Medium","Ambiguous: Platform Finance Core vs product-specific"
"src\app\dashboard\accounting\manual-entry\page.tsx","/dashboard/accounting/manual-entry","page","Platform Finance / Cross-Product","AMBIGUOUS","AMBIGUOUS","No product-specific imports; shared finance services","Dashboard general context","Medium","Ambiguous: Platform Finance Core vs product-specific"
"src\app\dashboard\accounting\outbox\page.tsx","/dashboard/accounting/outbox","page","Platform Finance / Cross-Product","AMBIGUOUS","AMBIGUOUS","No product-specific imports; shared finance services","Dashboard general context","Medium","Ambiguous: Platform Finance Core vs product-specific"
"src\app\dashboard\accounting\page.tsx","/dashboard/accounting","page","Platform Finance / Cross-Product","AMBIGUOUS","AMBIGUOUS","No product-specific imports; shared finance services","Dashboard general context","Medium","Ambiguous: Platform Finance Core vs product-specific"
"src\app\dashboard\accounting\periods\page.tsx","/dashboard/accounting/periods","page","Platform Finance / Cross-Product","AMBIGUOUS","AMBIGUOUS","No product-specific imports; shared finance services","Dashboard general context","Medium","Ambiguous: Platform Finance Core vs product-specific"
"src\app\dashboard\accounting\readiness\page.tsx","/dashboard/accounting/readiness","page","Platform Finance / Cross-Product","AMBIGUOUS","AMBIGUOUS","No product-specific imports; shared finance services","Dashboard general context","Medium","Ambiguous: Platform Finance Core vs product-specific"
"src\app\dashboard\accounting\reconciliation\page.tsx","/dashboard/accounting/reconciliation","page","Platform Finance / Cross-Product","AMBIGUOUS","AMBIGUOUS","No product-specific imports; shared finance services","Dashboard general context","Medium","Ambiguous: Platform Finance Core vs product-specific"
"src\app\dashboard\accounting\reports\page.tsx","/dashboard/accounting/reports","page","Platform Finance / Cross-Product","AMBIGUOUS","AMBIGUOUS","No product-specific imports; shared finance services","Dashboard general context","Medium","Ambiguous: Platform Finance Core vs product-specific"
"src\app\dashboard\accounting\salary-reconciliation\page.tsx","/dashboard/accounting/salary-reconciliation","page","Platform Finance / Cross-Product","AMBIGUOUS","AMBIGUOUS","No product-specific imports; shared finance services","Dashboard general context","Medium","Ambiguous: Platform Finance Core vs product-specific"
"src\app\dashboard\admin\booking-engine\page.tsx","/dashboard/admin/booking-engine","page","Admin","Platform","KNOWN","Platform administration","Admin pages","High","Platform admin UI"
"src\app\dashboard\admin\partners\[id]\edit\page.tsx","/dashboard/admin/partners/[id]/edit","page","Admin","Platform","KNOWN","Platform administration","Admin pages","High","Platform admin UI"
"src\app\dashboard\admin\partners\[id]\page.tsx","/dashboard/admin/partners/[id]","page","Admin","Platform","KNOWN","Platform administration","Admin pages","High","Platform admin UI"
"src\app\dashboard\admin\partners\analytics\page.tsx","/dashboard/admin/partners/analytics","page","Admin","Platform","KNOWN","Platform administration","Admin pages","High","Platform admin UI"
"src\app\dashboard\admin\partners\new\error.tsx","/dashboard/admin/partners/new (error)","error","Admin","Platform","KNOWN","Platform administration","Admin pages","High","Platform admin UI"
"src\app\dashboard\admin\partners\new\page.tsx","/dashboard/admin/partners/new","page","Admin","Platform","KNOWN","Platform administration","Admin pages","High","Platform admin UI"
"src\app\dashboard\admin\partners\page.tsx","/dashboard/admin/partners","page","Admin","Platform","KNOWN","Platform administration","Admin pages","High","Platform admin UI"
"src\app\dashboard\ai-copilot\layout.tsx","/dashboard/ai-copilot (layout)","layout","AI Copilot","Platform","KNOWN","Platform AI capabilities","AI Copilot pages","High","Platform AI copilot"
"src\app\dashboard\ai-copilot\page.tsx","/dashboard/ai-copilot","page","AI Copilot","Platform","KNOWN","Platform AI capabilities","AI Copilot pages","High","Platform AI copilot"
"src\app\dashboard\ai-copilot\salary-reconciliation\page.tsx","/dashboard/ai-copilot/salary-reconciliation","page","AI Copilot","Platform","KNOWN","Platform AI capabilities","AI Copilot pages","High","Platform AI copilot"
"src\app\dashboard\ai-platform\page.tsx","/dashboard/ai-platform","page","AI Copilot","Platform","KNOWN","Platform AI capabilities","AI Copilot pages","High","Platform AI copilot"
"src\app\dashboard\analytics\page.tsx","/dashboard/analytics","page","Platform Core","Platform","KNOWN","Platform monitoring/analytics","Platform pages","High","Platform core utilities"
"src\app\dashboard\architecture\page.tsx","/dashboard/architecture","page","Platform Core","Platform","KNOWN","Platform monitoring/analytics","Platform pages","High","Platform core utilities"
"src\app\dashboard\audit\page.tsx","/dashboard/audit","page","Platform Core","Platform","KNOWN","Platform monitoring/analytics","Platform pages","High","Platform core utilities"
"src\app\dashboard\automation\new\page.tsx","/dashboard/automation/new","page","Dashboard General","Platform","KNOWN","General dashboard page","Cross-product dashboard","High","Platform dashboard general"
"src\app\dashboard\automation\page.tsx","/dashboard/automation","page","Dashboard General","Platform","KNOWN","General dashboard page","Cross-product dashboard","High","Platform dashboard general"
"src\app\dashboard\bella-auto\bookings\page.tsx","/dashboard/bella-auto/bookings","page","Booking Engine","Platform","KNOWN","Cross-product booking","Booking pages/APIs","High","Platform booking engine"
"src\app\dashboard\bella-auto\customers\page.tsx","/dashboard/bella-auto/customers","page","Customer Management","Platform","KNOWN","Cross-product customer management","Customer/CRM pages","High","Platform customer management"
"src\app\dashboard\bella-auto\experience\page.tsx","/dashboard/bella-auto/experience","page","UNKNOWN","UNKNOWN","UNKNOWN","Insufficient evidence","","Low","Conflicts with /automove; unclear relationship"
"src\app\dashboard\bella-auto\journeys\page.tsx","/dashboard/bella-auto/journeys","page","UNKNOWN","UNKNOWN","UNKNOWN","Insufficient evidence","","Low","Conflicts with /automove; unclear relationship"
"src\app\dashboard\bella-auto\layout.tsx","/dashboard/bella-auto (layout)","layout","UNKNOWN","UNKNOWN","UNKNOWN","Insufficient evidence","","Low","Conflicts with /automove; unclear relationship"
"src\app\dashboard\bella-auto\leads\page.tsx","/dashboard/bella-auto/leads","page","UNKNOWN","UNKNOWN","UNKNOWN","Insufficient evidence","","Low","Conflicts with /automove; unclear relationship"
"src\app\dashboard\bella-auto\page.tsx","/dashboard/bella-auto","page","UNKNOWN","UNKNOWN","UNKNOWN","Insufficient evidence","","Low","Conflicts with /automove; unclear relationship"
"src\app\dashboard\bella-auto\trade-in\page.tsx","/dashboard/bella-auto/trade-in","page","UNKNOWN","UNKNOWN","UNKNOWN","Insufficient evidence","","Low","Conflicts with /automove; unclear relationship"
"src\app\dashboard\bella-auto\vehicles\page.tsx","/dashboard/bella-auto/vehicles","page","UNKNOWN","UNKNOWN","UNKNOWN","Insufficient evidence","","Low","Conflicts with /automove; unclear relationship"
"src\app\dashboard\bella-auto\workshop\page.tsx","/dashboard/bella-auto/workshop","page","UNKNOWN","UNKNOWN","UNKNOWN","Insufficient evidence","","Low","Conflicts with /automove; unclear relationship"
"src\app\dashboard\bookings\[id]\services\page.tsx","/dashboard/bookings/[id]/services","page","Booking Engine","Platform","KNOWN","Cross-product booking","Booking pages/APIs","High","Platform booking engine"
"src\app\dashboard\bookings\page.tsx","/dashboard/bookings","page","Booking Engine","Platform","KNOWN","Cross-product booking","Booking pages/APIs","High","Platform booking engine"
"src\app\dashboard\chat\page.tsx","/dashboard/chat","page","Dashboard General","Platform","KNOWN","General dashboard page","Cross-product dashboard","High","Platform dashboard general"
"src\app\dashboard\crm\page.tsx","/dashboard/crm","page","Customer Management","Platform","KNOWN","Cross-product customer management","Customer/CRM pages","High","Platform customer management"
"src\app\dashboard\customer-intelligence\page.tsx","/dashboard/customer-intelligence","page","Dashboard General","Platform","KNOWN","General dashboard page","Cross-product dashboard","High","Platform dashboard general"
"src\app\dashboard\customer\churn-risk\page.tsx","/dashboard/customer/churn-risk","page","Customer Management","Platform","KNOWN","Cross-product customer management","Customer/CRM pages","High","Platform customer management"
"src\app\dashboard\customer\history\page.tsx","/dashboard/customer/history","page","Customer Management","Platform","KNOWN","Cross-product customer management","Customer/CRM pages","High","Platform customer management"
"src\app\dashboard\customer\lifetime-value\page.tsx","/dashboard/customer/lifetime-value","page","Customer Management","Platform","KNOWN","Cross-product customer management","Customer/CRM pages","High","Platform customer management"
"src\app\dashboard\customer\notifications\page.tsx","/dashboard/customer/notifications","page","Customer Management","Platform","KNOWN","Cross-product customer management","Customer/CRM pages","High","Platform customer management"
"src\app\dashboard\customer\page.tsx","/dashboard/customer","page","Customer Management","Platform","KNOWN","Cross-product customer management","Customer/CRM pages","High","Platform customer management"
"src\app\dashboard\customer\profile\page.tsx","/dashboard/customer/profile","page","Customer Management","Platform","KNOWN","Cross-product customer management","Customer/CRM pages","High","Platform customer management"
"src\app\dashboard\customer\segmentation\page.tsx","/dashboard/customer/segmentation","page","Customer Management","Platform","KNOWN","Cross-product customer management","Customer/CRM pages","High","Platform customer management"
"src\app\dashboard\customers\[id]\page.tsx","/dashboard/customers/[id]","page","Customer Management","Platform","KNOWN","Cross-product customer management","Customer/CRM pages","High","Platform customer management"
"src\app\dashboard\customers\page.tsx","/dashboard/customers","page","Customer Management","Platform","KNOWN","Cross-product customer management","Customer/CRM pages","High","Platform customer management"
"src\app\dashboard\data-platform\page.tsx","/dashboard/data-platform","page","Dashboard General","Platform","KNOWN","General dashboard page","Cross-product dashboard","High","Platform dashboard general"
"src\app\dashboard\decision-engine\audit\page.tsx","/dashboard/decision-engine/audit","page","Decision Engine","Platform","KNOWN","Platform decision engine","Audit/trace endpoints","High","Platform decision engine"
"src\app\dashboard\decision-engine\layout.tsx","/dashboard/decision-engine (layout)","layout","Decision Engine","Platform","KNOWN","Platform decision engine","Audit/trace endpoints","High","Platform decision engine"
"src\app\dashboard\decision-engine\trace\[traceId]\page.tsx","/dashboard/decision-engine/trace/[traceId]","page","Decision Engine","Platform","KNOWN","Platform decision engine","Audit/trace endpoints","High","Platform decision engine"
"src\app\dashboard\demo-receipt\page.tsx","/dashboard/demo-receipt","page","Dashboard General","Platform","KNOWN","General dashboard page","Cross-product dashboard","High","Platform dashboard general"
"src\app\dashboard\dental\encounters\[id]\page.tsx","/dashboard/dental/encounters/[id]","page","Dental","Product","KNOWN","Re-export from /healthcare shared UI + plugin","Layout: /dashboard/dental","High","Dental product using Healthcare shared UI"
"src\app\dashboard\dental\encounters\page.tsx","/dashboard/dental/encounters","page","Dental","Product","KNOWN","Re-export from /healthcare shared UI + plugin","Layout: /dashboard/dental","High","Dental product using Healthcare shared UI"
"src\app\dashboard\dental\page.tsx","/dashboard/dental","page","Dental","Product","KNOWN","Re-export from /healthcare shared UI + plugin","Layout: /dashboard/dental","High","Dental product using Healthcare shared UI"
"src\app\dashboard\dental\reports\clinical\page.tsx","/dashboard/dental/reports/clinical","page","Dental","Product","KNOWN","Re-export from /healthcare shared UI + plugin","Layout: /dashboard/dental","High","Dental product using Healthcare shared UI"
"src\app\dashboard\dental\reports\page.tsx","/dashboard/dental/reports","page","Dental","Product","KNOWN","Re-export from /healthcare shared UI + plugin","Layout: /dashboard/dental","High","Dental product using Healthcare shared UI"
"src\app\dashboard\dental\reports\revenue\page.tsx","/dashboard/dental/reports/revenue","page","Dental","Product","KNOWN","Re-export from /healthcare shared UI + plugin","Layout: /dashboard/dental","High","Dental product using Healthcare shared UI"
"src\app\dashboard\dental\reports\treatment\page.tsx","/dashboard/dental/reports/treatment","page","Dental","Product","KNOWN","Re-export from /healthcare shared UI + plugin","Layout: /dashboard/dental","High","Dental product using Healthcare shared UI"
"src\app\dashboard\executive\page.tsx","/dashboard/executive","page","Dashboard General","Platform","KNOWN","General dashboard page","Cross-product dashboard","High","Platform dashboard general"
"src\app\dashboard\finance\budget\page.tsx","/dashboard/finance/budget","page","Platform Finance / Cross-Product","AMBIGUOUS","AMBIGUOUS","No product-specific imports; shared finance services","Dashboard general context","Medium","Ambiguous: Platform Finance Core vs product-specific"
"src\app\dashboard\finance\budget\page.tsx.backup","/dashboard/finance/budget/page.tsx.backup","page","Platform Finance / Cross-Product","AMBIGUOUS","AMBIGUOUS","No product-specific imports; shared finance services","Dashboard general context","Medium","Ambiguous: Platform Finance Core vs product-specific"
"src\app\dashboard\finance\cash-flow\page.tsx","/dashboard/finance/cash-flow","page","Platform Finance / Cross-Product","AMBIGUOUS","AMBIGUOUS","No product-specific imports; shared finance services","Dashboard general context","Medium","Ambiguous: Platform Finance Core vs product-specific"
"src\app\dashboard\finance\cash-flow\page.tsx.backup","/dashboard/finance/cash-flow/page.tsx.backup","page","Platform Finance / Cross-Product","AMBIGUOUS","AMBIGUOUS","No product-specific imports; shared finance services","Dashboard general context","Medium","Ambiguous: Platform Finance Core vs product-specific"
"src\app\dashboard\finance\page.tsx","/dashboard/finance","page","Platform Finance / Cross-Product","AMBIGUOUS","AMBIGUOUS","No product-specific imports; shared finance services","Dashboard general context","Medium","Ambiguous: Platform Finance Core vs product-specific"
"src\app\dashboard\finance\pnl\page.tsx","/dashboard/finance/pnl","page","Platform Finance / Cross-Product","AMBIGUOUS","AMBIGUOUS","No product-specific imports; shared finance services","Dashboard general context","Medium","Ambiguous: Platform Finance Core vs product-specific"
"src\app\dashboard\finance\pnl\page.tsx.backup","/dashboard/finance/pnl/page.tsx.backup","page","Platform Finance / Cross-Product","AMBIGUOUS","AMBIGUOUS","No product-specific imports; shared finance services","Dashboard general context","Medium","Ambiguous: Platform Finance Core vs product-specific"
"src\app\dashboard\finance\reconciliation\page.tsx","/dashboard/finance/reconciliation","page","Platform Finance / Cross-Product","AMBIGUOUS","AMBIGUOUS","No product-specific imports; shared finance services","Dashboard general context","Medium","Ambiguous: Platform Finance Core vs product-specific"
"src\app\dashboard\forecast\page.tsx","/dashboard/forecast","page","Dashboard General","Platform","KNOWN","General dashboard page","Cross-product dashboard","High","Platform dashboard general"
"src\app\dashboard\guides\[slug]\page.tsx","/dashboard/guides/[slug]","page","Dashboard General","Platform","KNOWN","General dashboard page","Cross-product dashboard","High","Platform dashboard general"
"src\app\dashboard\guides\page.tsx","/dashboard/guides","page","Dashboard General","Platform","KNOWN","General dashboard page","Cross-product dashboard","High","Platform dashboard general"
"src\app\dashboard\healthcare\accounting\page.tsx","/dashboard/healthcare/accounting","page","Healthcare Shared","Platform","KNOWN","TG-2.2A: Shared Healthcare services","Re-exported by Medical/Dental products","High","Platform shared healthcare UI"
"src\app\dashboard\healthcare\appointments\page.tsx","/dashboard/healthcare/appointments","page","Healthcare Shared","Platform","KNOWN","TG-2.2A: Shared Healthcare services","Re-exported by Medical/Dental products","High","Platform shared healthcare UI"
"src\app\dashboard\healthcare\billing\page.tsx","/dashboard/healthcare/billing","page","Healthcare Shared","Platform","KNOWN","TG-2.2A: Shared Healthcare services","Re-exported by Medical/Dental products","High","Platform shared healthcare UI"
"src\app\dashboard\healthcare\contracts\page.tsx","/dashboard/healthcare/contracts","page","Healthcare Shared","Platform","KNOWN","TG-2.2A: Shared Healthcare services","Re-exported by Medical/Dental products","High","Platform shared healthcare UI"
"src\app\dashboard\healthcare\encounters\[id]\page.tsx","/dashboard/healthcare/encounters/[id]","page","Healthcare Shared","Platform","KNOWN","TG-2.2A: Shared Healthcare services","Re-exported by Medical/Dental products","High","Platform shared healthcare UI"
"src\app\dashboard\healthcare\encounters\page.tsx","/dashboard/healthcare/encounters","page","Healthcare Shared","Platform","KNOWN","TG-2.2A: Shared Healthcare services","Re-exported by Medical/Dental products","High","Platform shared healthcare UI"
"src\app\dashboard\healthcare\finance\page.tsx","/dashboard/healthcare/finance","page","Healthcare Shared","Platform","KNOWN","TG-2.2A: Shared Healthcare services","Re-exported by Medical/Dental products","High","Platform shared healthcare UI"
"src\app\dashboard\healthcare\imaging\page.tsx","/dashboard/healthcare/imaging","page","Healthcare Shared","Platform","KNOWN","TG-2.2A: Shared Healthcare services","Re-exported by Medical/Dental products","High","Platform shared healthcare UI"
"src\app\dashboard\healthcare\imaging\viewer\page.tsx","/dashboard/healthcare/imaging/viewer","page","Healthcare Shared","Platform","KNOWN","TG-2.2A: Shared Healthcare services","Re-exported by Medical/Dental products","High","Platform shared healthcare UI"
"src\app\dashboard\healthcare\journeys\page.tsx","/dashboard/healthcare/journeys","page","Healthcare Shared","Platform","KNOWN","TG-2.2A: Shared Healthcare services","Re-exported by Medical/Dental products","High","Platform shared healthcare UI"
"src\app\dashboard\healthcare\laboratory\page.tsx","/dashboard/healthcare/laboratory","page","Healthcare Shared","Platform","KNOWN","TG-2.2A: Shared Healthcare services","Re-exported by Medical/Dental products","High","Platform shared healthcare UI"
"src\app\dashboard\healthcare\layout.tsx","/dashboard/healthcare (layout)","layout","Healthcare Shared","Platform","KNOWN","TG-2.2A: Shared Healthcare services","Re-exported by Medical/Dental products","High","Platform shared healthcare UI"
"src\app\dashboard\healthcare\odontogram\page.tsx","/dashboard/healthcare/odontogram","page","Healthcare Shared","Platform","KNOWN","TG-2.2A: Shared Healthcare services","Re-exported by Medical/Dental products","High","Platform shared healthcare UI"
"src\app\dashboard\healthcare\page.tsx","/dashboard/healthcare","page","Medical Clinic / Healthcare Shared","AMBIGUOUS","AMBIGUOUS","Plugin loader: BellaMedicalPlugin + BellaDentalPlugin","Multi-product dashboard context","Medium","Ambiguous: Medical Clinic primary vs Healthcare Shared portal"
"src\app\dashboard\healthcare\patients\[id]\page.tsx","/dashboard/healthcare/patients/[id]","page","Healthcare Shared","Platform","KNOWN","TG-2.2A: Shared Healthcare services","Re-exported by Medical/Dental products","High","Platform shared healthcare UI"
"src\app\dashboard\healthcare\patients\page.tsx","/dashboard/healthcare/patients","page","Healthcare Shared","Platform","KNOWN","TG-2.2A: Shared Healthcare services","Re-exported by Medical/Dental products","High","Platform shared healthcare UI"
"src\app\dashboard\healthcare\pharmacy\page.tsx","/dashboard/healthcare/pharmacy","page","Healthcare Shared","Platform","KNOWN","TG-2.2A: Shared Healthcare services","Re-exported by Medical/Dental products","High","Platform shared healthcare UI"
"src\app\dashboard\healthcare\queue\page.tsx","/dashboard/healthcare/queue","page","Healthcare Shared","Platform","KNOWN","TG-2.2A: Shared Healthcare services","Re-exported by Medical/Dental products","High","Platform shared healthcare UI"
"src\app\dashboard\healthcare\queue\tv\page.tsx","/dashboard/healthcare/queue/tv","page","Healthcare Shared","Platform","KNOWN","TG-2.2A: Shared Healthcare services","Re-exported by Medical/Dental products","High","Platform shared healthcare UI"
"src\app\dashboard\healthcare\reports\clinical\page.tsx","/dashboard/healthcare/reports/clinical","page","Healthcare Shared","Platform","KNOWN","TG-2.2A: Shared Healthcare services","Re-exported by Medical/Dental products","High","Platform shared healthcare UI"
"src\app\dashboard\healthcare\reports\page.tsx","/dashboard/healthcare/reports","page","Healthcare Shared","Platform","KNOWN","TG-2.2A: Shared Healthcare services","Re-exported by Medical/Dental products","High","Platform shared healthcare UI"
"src\app\dashboard\healthcare\reports\revenue\page.tsx","/dashboard/healthcare/reports/revenue","page","Healthcare Shared","Platform","KNOWN","TG-2.2A: Shared Healthcare services","Re-exported by Medical/Dental products","High","Platform shared healthcare UI"
"src\app\dashboard\healthcare\reports\treatment\page.tsx","/dashboard/healthcare/reports/treatment","page","Healthcare Shared","Platform","KNOWN","TG-2.2A: Shared Healthcare services","Re-exported by Medical/Dental products","High","Platform shared healthcare UI"
"src\app\dashboard\healthcare\salary\page.tsx","/dashboard/healthcare/salary","page","Healthcare Shared","Platform","KNOWN","TG-2.2A: Shared Healthcare services","Re-exported by Medical/Dental products","High","Platform shared healthcare UI"
"src\app\dashboard\healthcare\schedules\page.tsx","/dashboard/healthcare/schedules","page","Healthcare Shared","Platform","KNOWN","TG-2.2A: Shared Healthcare services","Re-exported by Medical/Dental products","High","Platform shared healthcare UI"
"src\app\dashboard\hospital\admissions\page.tsx","/dashboard/hospital/admissions","page","Hospital","Product","KNOWN","Product boundary: @/products/bella-hospital","Layout: /dashboard/hospital","High","Hospital product"
"src\app\dashboard\hospital\ancillary\page.tsx","/dashboard/hospital/ancillary","page","Hospital","Product","KNOWN","Product boundary: @/products/bella-hospital","Layout: /dashboard/hospital","High","Hospital product"
"src\app\dashboard\hospital\beds\page.tsx","/dashboard/hospital/beds","page","Hospital","Product","KNOWN","Product boundary: @/products/bella-hospital","Layout: /dashboard/hospital","High","Hospital product"
"src\app\dashboard\hospital\bhyt\page.tsx","/dashboard/hospital/bhyt","page","Hospital","Product","KNOWN","Product boundary: @/products/bella-hospital","Layout: /dashboard/hospital","High","Hospital product"
"src\app\dashboard\hospital\billing\page.tsx","/dashboard/hospital/billing","page","Hospital","Product","KNOWN","Product boundary: @/products/bella-hospital","Layout: /dashboard/hospital","High","Hospital product"
"src\app\dashboard\hospital\care-pathway\page.tsx","/dashboard/hospital/care-pathway","page","Hospital","Product","KNOWN","Product boundary: @/products/bella-hospital","Layout: /dashboard/hospital","High","Hospital product"
"src\app\dashboard\hospital\contracts\page.tsx","/dashboard/hospital/contracts","page","Hospital","Product","KNOWN","Product boundary: @/products/bella-hospital","Layout: /dashboard/hospital","High","Hospital product"
"src\app\dashboard\hospital\icu-dispatch\page.tsx","/dashboard/hospital/icu-dispatch","page","Hospital","Product","KNOWN","Product boundary: @/products/bella-hospital","Layout: /dashboard/hospital","High","Hospital product"
"src\app\dashboard\hospital\incidents\page.tsx","/dashboard/hospital/incidents","page","Hospital","Product","KNOWN","Product boundary: @/products/bella-hospital","Layout: /dashboard/hospital","High","Hospital product"
"src\app\dashboard\hospital\mar\page.tsx","/dashboard/hospital/mar","page","Hospital","Product","KNOWN","Product boundary: @/products/bella-hospital","Layout: /dashboard/hospital","High","Hospital product"
"src\app\dashboard\hospital\nursing-vitals\page.tsx","/dashboard/hospital/nursing-vitals","page","Hospital","Product","KNOWN","Product boundary: @/products/bella-hospital","Layout: /dashboard/hospital","High","Hospital product"
"src\app\dashboard\hospital\page.tsx","/dashboard/hospital","page","Hospital","Product","KNOWN","Product boundary: @/products/bella-hospital","Layout: /dashboard/hospital","High","Hospital product"
"src\app\dashboard\hospital\pharmacy\page.tsx","/dashboard/hospital/pharmacy","page","Hospital","Product","KNOWN","Product boundary: @/products/bella-hospital","Layout: /dashboard/hospital","High","Hospital product"
"src\app\dashboard\hospital\queue\page.tsx","/dashboard/hospital/queue","page","Hospital","Product","KNOWN","Product boundary: @/products/bella-hospital","Layout: /dashboard/hospital","High","Hospital product"
"src\app\dashboard\hospital\reports\page.tsx","/dashboard/hospital/reports","page","Hospital","Product","KNOWN","Product boundary: @/products/bella-hospital","Layout: /dashboard/hospital","High","Hospital product"
"src\app\dashboard\hospital\reports\revenue\page.tsx","/dashboard/hospital/reports/revenue","page","Hospital","Product","KNOWN","Product boundary: @/products/bella-hospital","Layout: /dashboard/hospital","High","Hospital product"
"src\app\dashboard\hospital\safety\audit\page.tsx","/dashboard/hospital/safety/audit","page","Hospital","Product","KNOWN","Product boundary: @/products/bella-hospital","Layout: /dashboard/hospital","High","Hospital product"
"src\app\dashboard\hospital\safety\incidents\page.tsx","/dashboard/hospital/safety/incidents","page","Hospital","Product","KNOWN","Product boundary: @/products/bella-hospital","Layout: /dashboard/hospital","High","Hospital product"
"src\app\dashboard\hospital\workforce\page.tsx","/dashboard/hospital/workforce","page","Hospital","Product","KNOWN","Product boundary: @/products/bella-hospital","Layout: /dashboard/hospital","High","Hospital product"
"src\app\dashboard\hr\attendance-payroll\page.tsx","/dashboard/hr/attendance-payroll","page","HR/Payroll","Platform","KNOWN","Cross-product HR/Payroll","HR dashboard","High","Platform HR/payroll management"
"src\app\dashboard\hr\leave-requests\page.tsx","/dashboard/hr/leave-requests","page","HR/Payroll","Platform","KNOWN","Cross-product HR/Payroll","HR dashboard","High","Platform HR/payroll management"
"src\app\dashboard\hr\page.tsx","/dashboard/hr","page","HR/Payroll","Platform","KNOWN","Cross-product HR/Payroll","HR dashboard","High","Platform HR/payroll management"
"src\app\dashboard\hr\performance\page.tsx","/dashboard/hr/performance","page","HR/Payroll","Platform","KNOWN","Cross-product HR/Payroll","HR dashboard","High","Platform HR/payroll management"
"src\app\dashboard\hr\workforce\page.tsx","/dashboard/hr/workforce","page","Workforce Management","Platform","KNOWN","Service layer: @/services/workforce-actions","Layout: /workforce","High","Platform workforce management"
"src\app\dashboard\inventory\page.tsx","/dashboard/inventory","page","Inventory","Platform","KNOWN","Cross-product inventory","Inventory management","High","Platform inventory management"
"src\app\dashboard\layout.tsx","/dashboard (layout)","layout","Dashboard General","Platform","KNOWN","General dashboard page","Cross-product dashboard","High","Platform dashboard general"
"src\app\dashboard\loading.tsx","/dashboard (loading)","loading","Dashboard General","Platform","KNOWN","General dashboard page","Cross-product dashboard","High","Platform dashboard general"
"src\app\dashboard\marketing\page.tsx","/dashboard/marketing","page","Marketing","Platform","KNOWN","Cross-product marketing","Marketing dashboard","High","Platform marketing"
"src\app\dashboard\marketplace\page.tsx","/dashboard/marketplace","page","Dashboard General","Platform","KNOWN","General dashboard page","Cross-product dashboard","High","Platform dashboard general"
"src\app\dashboard\medical\accounting\page.tsx","/dashboard/medical/accounting","page","Medical Clinic","Product","KNOWN","Re-export from /healthcare shared UI","Layout: /dashboard/medical","High","Medical Clinic product using Healthcare shared UI"
"src\app\dashboard\medical\appointments\page.tsx","/dashboard/medical/appointments","page","Medical Clinic","Product","KNOWN","Re-export from /healthcare shared UI","Layout: /dashboard/medical","High","Medical Clinic product using Healthcare shared UI"
"src\app\dashboard\medical\billing\page.tsx","/dashboard/medical/billing","page","Medical Clinic","Product","KNOWN","Re-export from /healthcare shared UI","Layout: /dashboard/medical","High","Medical Clinic product using Healthcare shared UI"
"src\app\dashboard\medical\contracts\page.tsx","/dashboard/medical/contracts","page","Medical Clinic","Product","KNOWN","Re-export from /healthcare shared UI","Layout: /dashboard/medical","High","Medical Clinic product using Healthcare shared UI"
"src\app\dashboard\medical\encounters\[id]\page.tsx","/dashboard/medical/encounters/[id]","page","Medical Clinic","Product","KNOWN","Re-export from /healthcare shared UI","Layout: /dashboard/medical","High","Medical Clinic product using Healthcare shared UI"
"src\app\dashboard\medical\encounters\page.tsx","/dashboard/medical/encounters","page","Medical Clinic","Product","KNOWN","Re-export from /healthcare shared UI","Layout: /dashboard/medical","High","Medical Clinic product using Healthcare shared UI"
"src\app\dashboard\medical\finance\page.tsx","/dashboard/medical/finance","page","Medical Clinic","Product","KNOWN","Re-export from /healthcare shared UI","Layout: /dashboard/medical","High","Medical Clinic product using Healthcare shared UI"
"src\app\dashboard\medical\imaging\page.tsx","/dashboard/medical/imaging","page","Medical Clinic","Product","KNOWN","Re-export from /healthcare shared UI","Layout: /dashboard/medical","High","Medical Clinic product using Healthcare shared UI"
"src\app\dashboard\medical\laboratory\page.tsx","/dashboard/medical/laboratory","page","Medical Clinic","Product","KNOWN","Re-export from /healthcare shared UI","Layout: /dashboard/medical","High","Medical Clinic product using Healthcare shared UI"
"src\app\dashboard\medical\page.tsx","/dashboard/medical","page","Medical Clinic","Product","KNOWN","Re-export from /healthcare shared UI","Layout: /dashboard/medical","High","Medical Clinic product using Healthcare shared UI"
"src\app\dashboard\medical\patients\page.tsx","/dashboard/medical/patients","page","Medical Clinic","Product","KNOWN","Re-export from /healthcare shared UI","Layout: /dashboard/medical","High","Medical Clinic product using Healthcare shared UI"
"src\app\dashboard\medical\pharmacy\page.tsx","/dashboard/medical/pharmacy","page","Medical Clinic","Product","KNOWN","Re-export from /healthcare shared UI","Layout: /dashboard/medical","High","Medical Clinic product using Healthcare shared UI"
"src\app\dashboard\medical\queue\page.tsx","/dashboard/medical/queue","page","Medical Clinic","Product","KNOWN","Re-export from /healthcare shared UI","Layout: /dashboard/medical","High","Medical Clinic product using Healthcare shared UI"
"src\app\dashboard\medical\queue\tv\page.tsx","/dashboard/medical/queue/tv","page","Medical Clinic","Product","KNOWN","Re-export from /healthcare shared UI","Layout: /dashboard/medical","High","Medical Clinic product using Healthcare shared UI"
"src\app\dashboard\medical\reports\clinical\page.tsx","/dashboard/medical/reports/clinical","page","Medical Clinic","Product","KNOWN","Re-export from /healthcare shared UI","Layout: /dashboard/medical","High","Medical Clinic product using Healthcare shared UI"
"src\app\dashboard\medical\reports\page.tsx","/dashboard/medical/reports","page","Medical Clinic","Product","KNOWN","Re-export from /healthcare shared UI","Layout: /dashboard/medical","High","Medical Clinic product using Healthcare shared UI"
"src\app\dashboard\medical\reports\revenue\page.tsx","/dashboard/medical/reports/revenue","page","Medical Clinic","Product","KNOWN","Re-export from /healthcare shared UI","Layout: /dashboard/medical","High","Medical Clinic product using Healthcare shared UI"
"src\app\dashboard\medical\reports\treatment\page.tsx","/dashboard/medical/reports/treatment","page","Medical Clinic","Product","KNOWN","Re-export from /healthcare shared UI","Layout: /dashboard/medical","High","Medical Clinic product using Healthcare shared UI"
"src\app\dashboard\medical\salary\page.tsx","/dashboard/medical/salary","page","Medical Clinic","Product","KNOWN","Re-export from /healthcare shared UI","Layout: /dashboard/medical","High","Medical Clinic product using Healthcare shared UI"
"src\app\dashboard\medical\schedules\page.tsx","/dashboard/medical/schedules","page","Medical Clinic","Product","KNOWN","Re-export from /healthcare shared UI","Layout: /dashboard/medical","High","Medical Clinic product using Healthcare shared UI"
"src\app\dashboard\operations\inventory\page.tsx","/dashboard/operations/inventory","page","Operations","Platform","KNOWN","Cross-product operations","Operations dashboard","High","Platform operations"
"src\app\dashboard\operations\ktv-performance\page.tsx","/dashboard/operations/ktv-performance","page","Operations","Platform","KNOWN","Cross-product operations","Operations dashboard","High","Platform operations"
"src\app\dashboard\operations\page.tsx","/dashboard/operations","page","Operations","Platform","KNOWN","Cross-product operations","Operations dashboard","High","Platform operations"
"src\app\dashboard\operations\sessions\page.tsx","/dashboard/operations/sessions","page","Operations","Platform","KNOWN","Cross-product operations","Operations dashboard","High","Platform operations"
"src\app\dashboard\organization\page.tsx","/dashboard/organization","page","Dashboard General","Platform","KNOWN","General dashboard page","Cross-product dashboard","High","Platform dashboard general"
"src\app\dashboard\page.tsx","/dashboard","page","Dashboard General","Platform","KNOWN","General dashboard page","Cross-product dashboard","High","Platform dashboard general"
"src\app\dashboard\payroll\employees\[employeeId]\detail\error.tsx","/dashboard/payroll/employees/[employeeId]/detail (error)","error","HR/Payroll","Platform","KNOWN","Cross-product HR/Payroll","HR dashboard","High","Platform HR/payroll management"
"src\app\dashboard\payroll\employees\[employeeId]\detail\loading.tsx","/dashboard/payroll/employees/[employeeId]/detail (loading)","loading","HR/Payroll","Platform","KNOWN","Cross-product HR/Payroll","HR dashboard","High","Platform HR/payroll management"
"src\app\dashboard\payroll\employees\[employeeId]\detail\not-found.tsx","/dashboard/payroll/employees/[employeeId]/detail (not-found)","not-found","HR/Payroll","Platform","KNOWN","Cross-product HR/Payroll","HR dashboard","High","Platform HR/payroll management"
"src\app\dashboard\payroll\employees\[employeeId]\detail\page.tsx","/dashboard/payroll/employees/[employeeId]/detail","page","HR/Payroll","Platform","KNOWN","Cross-product HR/Payroll","HR dashboard","High","Platform HR/payroll management"
"src\app\dashboard\payroll\page.tsx","/dashboard/payroll","page","HR/Payroll","Platform","KNOWN","Cross-product HR/Payroll","HR dashboard","High","Platform HR/payroll management"
"src\app\dashboard\product-sales\page.tsx","/dashboard/product-sales","page","Dashboard General","Platform","KNOWN","General dashboard page","Cross-product dashboard","High","Platform dashboard general"
"src\app\dashboard\real-estate\admin\page.tsx","/dashboard/real-estate/admin","page","Real Estate","Product","KNOWN","Product boundary: @/modules/real_estate","Layout: /dashboard/real-estate","High","Real Estate product (bella-land)"
"src\app\dashboard\real-estate\apartments\page.tsx","/dashboard/real-estate/apartments","page","Real Estate","Product","KNOWN","Product boundary: @/modules/real_estate","Layout: /dashboard/real-estate","High","Real Estate product (bella-land)"
"src\app\dashboard\real-estate\bi-analytics\page.tsx","/dashboard/real-estate/bi-analytics","page","Real Estate","Product","KNOWN","Product boundary: @/modules/real_estate","Layout: /dashboard/real-estate","High","Real Estate product (bella-land)"
"src\app\dashboard\real-estate\contracts\page.tsx","/dashboard/real-estate/contracts","page","Real Estate","Product","KNOWN","Product boundary: @/modules/real_estate","Layout: /dashboard/real-estate","High","Real Estate product (bella-land)"
"src\app\dashboard\real-estate\customers\page.tsx","/dashboard/real-estate/customers","page","Real Estate","Product","KNOWN","Product boundary: @/modules/real_estate","Layout: /dashboard/real-estate","High","Real Estate product (bella-land)"
"src\app\dashboard\real-estate\documents\page.tsx","/dashboard/real-estate/documents","page","Real Estate","Product","KNOWN","Product boundary: @/modules/real_estate","Layout: /dashboard/real-estate","High","Real Estate product (bella-land)"
"src\app\dashboard\real-estate\global-search\page.tsx","/dashboard/real-estate/global-search","page","Real Estate","Product","KNOWN","Product boundary: @/modules/real_estate","Layout: /dashboard/real-estate","High","Real Estate product (bella-land)"
"src\app\dashboard\real-estate\hr\page.tsx","/dashboard/real-estate/hr","page","Real Estate","Product","KNOWN","Product boundary: @/modules/real_estate","Layout: /dashboard/real-estate","High","Real Estate product (bella-land)"
"src\app\dashboard\real-estate\layout.tsx","/dashboard/real-estate (layout)","layout","Real Estate","Product","KNOWN","Product boundary: @/modules/real_estate","Layout: /dashboard/real-estate","High","Real Estate product (bella-land)"
"src\app\dashboard\real-estate\leads\page.tsx","/dashboard/real-estate/leads","page","Real Estate","Product","KNOWN","Product boundary: @/modules/real_estate","Layout: /dashboard/real-estate","High","Real Estate product (bella-land)"
"src\app\dashboard\real-estate\marketing\page.tsx","/dashboard/real-estate/marketing","page","Real Estate","Product","KNOWN","Product boundary: @/modules/real_estate","Layout: /dashboard/real-estate","High","Real Estate product (bella-land)"
"src\app\dashboard\real-estate\org-chart\page.tsx","/dashboard/real-estate/org-chart","page","Real Estate","Product","KNOWN","Product boundary: @/modules/real_estate","Layout: /dashboard/real-estate","High","Real Estate product (bella-land)"
"src\app\dashboard\real-estate\page.tsx","/dashboard/real-estate","page","Real Estate","Product","KNOWN","Product boundary: @/modules/real_estate","Layout: /dashboard/real-estate","High","Real Estate product (bella-land)"
"src\app\dashboard\real-estate\people\page.tsx","/dashboard/real-estate/people","page","Real Estate","Product","KNOWN","Product boundary: @/modules/real_estate","Layout: /dashboard/real-estate","High","Real Estate product (bella-land)"
"src\app\dashboard\real-estate\projects\page.tsx","/dashboard/real-estate/projects","page","Real Estate","Product","KNOWN","Product boundary: @/modules/real_estate","Layout: /dashboard/real-estate","High","Real Estate product (bella-land)"
"src\app\dashboard\real-estate\reports\page.tsx","/dashboard/real-estate/reports","page","Real Estate","Product","KNOWN","Product boundary: @/modules/real_estate","Layout: /dashboard/real-estate","High","Real Estate product (bella-land)"
"src\app\dashboard\real-estate\support\page.tsx","/dashboard/real-estate/support","page","Real Estate","Product","KNOWN","Product boundary: @/modules/real_estate","Layout: /dashboard/real-estate","High","Real Estate product (bella-land)"
"src\app\dashboard\recommendations\page.tsx","/dashboard/recommendations","page","Dashboard General","Platform","KNOWN","General dashboard page","Cross-product dashboard","High","Platform dashboard general"
"src\app\dashboard\rules\[ruleId]\edit\page.tsx","/dashboard/rules/[ruleId]/edit","page","UNKNOWN","UNKNOWN","UNKNOWN","Insufficient evidence","","Low","No product imports traced; could be Platform Decision Engine or cross-product"
"src\app\dashboard\rules\[ruleId]\page.tsx","/dashboard/rules/[ruleId]","page","UNKNOWN","UNKNOWN","UNKNOWN","Insufficient evidence","","Low","No product imports traced; could be Platform Decision Engine or cross-product"
"src\app\dashboard\rules\[ruleId]\test\page.tsx","/dashboard/rules/[ruleId]/test","page","UNKNOWN","UNKNOWN","UNKNOWN","Insufficient evidence","","Low","No product imports traced; could be Platform Decision Engine or cross-product"
"src\app\dashboard\rules\[ruleId]\versions\page.tsx","/dashboard/rules/[ruleId]/versions","page","UNKNOWN","UNKNOWN","UNKNOWN","Insufficient evidence","","Low","No product imports traced; could be Platform Decision Engine or cross-product"
"src\app\dashboard\rules\new\page.tsx","/dashboard/rules/new","page","UNKNOWN","UNKNOWN","UNKNOWN","Insufficient evidence","","Low","No product imports traced; could be Platform Decision Engine or cross-product"
"src\app\dashboard\rules\page.tsx","/dashboard/rules","page","UNKNOWN","UNKNOWN","UNKNOWN","Insufficient evidence","","Low","No product imports traced; could be Platform Decision Engine or cross-product"
"src\app\dashboard\salary\[employeeId]\detail\page.tsx","/dashboard/salary/[employeeId]/detail","page","HR/Payroll","Platform","KNOWN","Cross-product HR/Payroll","HR dashboard","High","Platform HR/payroll management"
"src\app\dashboard\salary\adjustments\page.tsx","/dashboard/salary/adjustments","page","HR/Payroll","Platform","KNOWN","Cross-product HR/Payroll","HR dashboard","High","Platform HR/payroll management"
"src\app\dashboard\salary\page.tsx","/dashboard/salary","page","HR/Payroll","Platform","KNOWN","Cross-product HR/Payroll","HR dashboard","High","Platform HR/payroll management"
"src\app\dashboard\services\page.tsx","/dashboard/services","page","Dashboard General","Platform","KNOWN","General dashboard page","Cross-product dashboard","High","Platform dashboard general"
"src\app\dashboard\sessions\page.tsx","/dashboard/sessions","page","Dashboard General","Platform","KNOWN","General dashboard page","Cross-product dashboard","High","Platform dashboard general"
"src\app\dashboard\settings\page.tsx","/dashboard/settings","page","Dashboard General","Platform","KNOWN","General dashboard page","Cross-product dashboard","High","Platform dashboard general"
"src\app\dashboard\support\tickets\page.tsx","/dashboard/support/tickets","page","Dashboard General","Platform","KNOWN","General dashboard page","Cross-product dashboard","High","Platform dashboard general"
"src\app\dashboard\system-monitor\page.tsx","/dashboard/system-monitor","page","Dashboard General","Platform","KNOWN","General dashboard page","Cross-product dashboard","High","Platform dashboard general"
"src\app\dashboard\training\classes\page.tsx","/dashboard/training/classes","page","Training","Platform","KNOWN","Cross-product training","Training management","High","Platform training management"
"src\app\dashboard\training\courses\page.tsx","/dashboard/training/courses","page","Training","Platform","KNOWN","Cross-product training","Training management","High","Platform training management"
"src\app\dashboard\training\enrollments\page.tsx","/dashboard/training/enrollments","page","Training","Platform","KNOWN","Cross-product training","Training management","High","Platform training management"
"src\app\dashboard\training\page.tsx","/dashboard/training","page","Training","Platform","KNOWN","Cross-product training","Training management","High","Platform training management"
"src\app\dashboard\training\students\page.tsx","/dashboard/training/students","page","Training","Platform","KNOWN","Cross-product training","Training management","High","Platform training management"
"src\app\dashboard\waitlist\[entryId]\page.tsx","/dashboard/waitlist/[entryId]","page","Waitlist","Platform","KNOWN","Cross-product waitlist","Waitlist management","High","Platform waitlist management"
"src\app\dashboard\waitlist\page.tsx","/dashboard/waitlist","page","Waitlist","Platform","KNOWN","Cross-product waitlist","Waitlist management","High","Platform waitlist management"
"src\app\hq\financial-overview\page.tsx","/hq/financial-overview","page","UNKNOWN","UNKNOWN","UNKNOWN","Insufficient evidence","","Low","No product imports traced"
"src\app\hq\page.tsx","/hq","page","UNKNOWN","UNKNOWN","UNKNOWN","Insufficient evidence","","Low","No product imports traced"
"src\app\ktv\dashboard\page.tsx","/ktv/dashboard","page","Beauty/Spa","Product","KNOWN","KTV service provider context","Spa product boundary","High","Beauty/Spa product (KTV portal)"
"src\app\ktv\earnings\page.tsx","/ktv/earnings","page","Beauty/Spa","Product","KNOWN","KTV service provider context","Spa product boundary","High","Beauty/Spa product (KTV portal)"
"src\app\ktv\guides\page.tsx","/ktv/guides","page","Beauty/Spa","Product","KNOWN","KTV service provider context","Spa product boundary","High","Beauty/Spa product (KTV portal)"
"src\app\ktv\layout.tsx","/ktv (layout)","layout","Beauty/Spa","Product","KNOWN","KTV service provider context","Spa product boundary","High","Beauty/Spa product (KTV portal)"
"src\app\ktv\leaderboard\page.tsx","/ktv/leaderboard","page","Beauty/Spa","Product","KNOWN","KTV service provider context","Spa product boundary","High","Beauty/Spa product (KTV portal)"
"src\app\layout.tsx","/layout.tsx","layout","Platform Core","Platform","KNOWN","Root layout/page","Platform entry point","High","Platform root"
"src\app\login-static\page.tsx","/login-static","page","UNKNOWN","UNKNOWN","UNKNOWN","Insufficient evidence","","Low","Requires investigation"
"src\app\page.tsx","/page.tsx","page","Platform Core","Platform","KNOWN","Root layout/page","Platform entry point","High","Platform root"
"src\app\partner\activate\page.tsx","/partner/activate","page","Partner Management","Platform","KNOWN","Service layer: @/services/partner-*","Layout: /partner","High","Platform partner management"
"src\app\partner\application-status\page.tsx","/partner/application-status","page","Partner Management","Platform","KNOWN","Service layer: @/services/partner-*","Layout: /partner","High","Platform partner management"
"src\app\partner\bookings\page.tsx","/partner/bookings","page","Partner Management","Platform","KNOWN","Service layer: @/services/partner-*","Layout: /partner","High","Platform partner management"
"src\app\partner\commission\page.tsx","/partner/commission","page","Partner Management","Platform","KNOWN","Service layer: @/services/partner-*","Layout: /partner","High","Platform partner management"
"src\app\partner\dashboard\page.tsx","/partner/dashboard","page","Partner Management","Platform","KNOWN","Service layer: @/services/partner-*","Layout: /partner","High","Platform partner management"
"src\app\partner\documents\page.tsx","/partner/documents","page","Partner Management","Platform","KNOWN","Service layer: @/services/partner-*","Layout: /partner","High","Platform partner management"
"src\app\partner\inbox\page.tsx","/partner/inbox","page","Partner Management","Platform","KNOWN","Service layer: @/services/partner-*","Layout: /partner","High","Platform partner management"
"src\app\partner\inventory\page.tsx","/partner/inventory","page","Partner Management","Platform","KNOWN","Service layer: @/services/partner-*","Layout: /partner","High","Platform partner management"
"src\app\partner\layout.tsx","/partner (layout)","layout","Partner Management","Platform","KNOWN","Service layer: @/services/partner-*","Layout: /partner","High","Platform partner management"
"src\app\partner\leads\page.tsx","/partner/leads","page","Partner Management","Platform","KNOWN","Service layer: @/services/partner-*","Layout: /partner","High","Platform partner management"
"src\app\partner\page.tsx","/partner","page","Partner Management","Platform","KNOWN","Service layer: @/services/partner-*","Layout: /partner","High","Platform partner management"
"src\app\partner\profile\page.tsx","/partner/profile","page","Partner Management","Platform","KNOWN","Service layer: @/services/partner-*","Layout: /partner","High","Platform partner management"
"src\app\partner\register\page.tsx","/partner/register","page","Partner Management","Platform","KNOWN","Service layer: @/services/partner-*","Layout: /partner","High","Platform partner management"
"src\app\partner\verify\page.tsx","/partner/verify","page","Partner Management","Platform","KNOWN","Service layer: @/services/partner-*","Layout: /partner","High","Platform partner management"
"src\app\portal\[token]\page.tsx","/portal/[token]","page","UNKNOWN","UNKNOWN","UNKNOWN","Insufficient evidence","","Low","No product imports traced"
"src\app\products\fresh-food\page.tsx","/products/fresh-food","page","UNKNOWN","UNKNOWN","UNKNOWN","Insufficient evidence","","Low","Requires investigation"
"src\app\products\kids-clothing\page.tsx","/products/kids-clothing","page","UNKNOWN","UNKNOWN","UNKNOWN","Insufficient evidence","","Low","Requires investigation"
"src\app\student\dashboard\page.tsx","/student/dashboard","page","UNKNOWN","UNKNOWN","UNKNOWN","Insufficient evidence","","Low","No product imports traced"
"src\app\workforce\approvals\page.tsx","/workforce/approvals","page","Workforce Management","Platform","KNOWN","Service layer: @/services/workforce-actions","Layout: /workforce","High","Platform workforce management"
"src\app\workforce\attendance\page.tsx","/workforce/attendance","page","Workforce Management","Platform","KNOWN","Service layer: @/services/workforce-actions","Layout: /workforce","High","Platform workforce management"
"src\app\workforce\calendar\page.tsx","/workforce/calendar","page","Workforce Management","Platform","KNOWN","Service layer: @/services/workforce-actions","Layout: /workforce","High","Platform workforce management"
"src\app\workforce\commission\page.tsx","/workforce/commission","page","Workforce Management","Platform","KNOWN","Service layer: @/services/workforce-actions","Layout: /workforce","High","Platform workforce management"
"src\app\workforce\customers\page.tsx","/workforce/customers","page","Workforce Management","Platform","KNOWN","Service layer: @/services/workforce-actions","Layout: /workforce","High","Platform workforce management"
"src\app\workforce\dashboard\page.tsx","/workforce/dashboard","page","Workforce Management","Platform","KNOWN","Service layer: @/services/workforce-actions","Layout: /workforce","High","Platform workforce management"
"src\app\workforce\documents\page.tsx","/workforce/documents","page","Workforce Management","Platform","KNOWN","Service layer: @/services/workforce-actions","Layout: /workforce","High","Platform workforce management"
"src\app\workforce\inbox\page.tsx","/workforce/inbox","page","Workforce Management","Platform","KNOWN","Service layer: @/services/workforce-actions","Layout: /workforce","High","Platform workforce management"
"src\app\workforce\inventory\page.tsx","/workforce/inventory","page","Workforce Management","Platform","KNOWN","Service layer: @/services/workforce-actions","Layout: /workforce","High","Platform workforce management"
"src\app\workforce\kpi\page.tsx","/workforce/kpi","page","Workforce Management","Platform","KNOWN","Service layer: @/services/workforce-actions","Layout: /workforce","High","Platform workforce management"
"src\app\workforce\layout.tsx","/workforce (layout)","layout","Workforce Management","Platform","KNOWN","Service layer: @/services/workforce-actions","Layout: /workforce","High","Platform workforce management"
"src\app\workforce\leads\[id]\page.tsx","/workforce/leads/[id]","page","Workforce Management","Platform","KNOWN","Service layer: @/services/workforce-actions","Layout: /workforce","High","Platform workforce management"
"src\app\workforce\leads\page.tsx","/workforce/leads","page","Workforce Management","Platform","KNOWN","Service layer: @/services/workforce-actions","Layout: /workforce","High","Platform workforce management"
"src\app\workforce\page.tsx","/workforce","page","Workforce Management","Platform","KNOWN","Service layer: @/services/workforce-actions","Layout: /workforce","High","Platform workforce management"
"src\app\workforce\profile\page.tsx","/workforce/profile","page","Workforce Management","Platform","KNOWN","Service layer: @/services/workforce-actions","Layout: /workforce","High","Platform workforce management"
"src\app\workforce\tasks\page.tsx","/workforce/tasks","page","Workforce Management","Platform","KNOWN","Service layer: @/services/workforce-actions","Layout: /workforce","High","Platform workforce management"
"src\app\workforce\transactions\page.tsx","/workforce/transactions","page","Workforce Management","Platform","KNOWN","Service layer: @/services/workforce-actions","Layout: /workforce","High","Platform workforce management"